pid,trial,condition,period,event
1,1,1,1,0
1,1,1,2,0
1,1,1,3,0
1,1,1,4,0
1,1,1,5,0
1,1,1,6,0
1,1,1,7,0
1,1,1,8,1
1,2,1,1,0
1,2,1,2,0
1,2,1,3,0
1,2,1,4,0
1,2,1,5,0
1,2,1,6,0
1,2,1,7,0
1,2,1,8,1
1,3,1,1,0
1,3,1,2,0
1,3,1,3,0
1,3,1,4,0
1,3,1,5,0
1,3,1,6,0
1,3,1,7,0
1,3,1,8,1
1,4,2,1,0
1,4,2,2,0
1,4,2,3,0
1,4,2,4,0
1,4,2,5,0
1,4,2,6,0
1,4,2,7,0
1,4,2,8,0
1,5,1,1,0
1,5,1,2,0
1,5,1,3,0
1,5,1,4,0
1,5,1,5,0
1,5,1,6,0
1,5,1,7,1
1,6,3,1,0
1,6,3,2,0
1,6,3,3,0
1,6,3,4,0
1,6,3,5,0
1,6,3,6,0
1,6,3,7,0
1,6,3,8,1
1,7,3,1,0
1,7,3,2,0
1,7,3,3,0
1,7,3,4,0
1,7,3,5,0
1,7,3,6,1
1,8,1,1,0
1,8,1,2,0
1,8,1,3,0
1,8,1,4,0
1,8,1,5,0
1,8,1,6,1
1,9,3,1,0
1,9,3,2,0
1,9,3,3,0
1,9,3,4,0
1,9,3,5,0
1,9,3,6,0
1,9,3,7,1
1,10,3,1,0
1,10,3,2,0
1,10,3,3,0
1,10,3,4,0
1,10,3,5,0
1,10,3,6,0
1,10,3,7,0
1,10,3,8,1
1,11,2,1,0
1,11,2,2,0
1,11,2,3,0
1,11,2,4,0
1,11,2,5,0
1,11,2,6,1
1,12,2,1,0
1,12,2,2,0
1,12,2,3,0
1,12,2,4,0
1,12,2,5,1
1,13,1,1,0
1,13,1,2,0
1,13,1,3,0
1,13,1,4,0
1,13,1,5,0
1,13,1,6,0
1,13,1,7,0
1,13,1,8,1
1,14,3,1,0
1,14,3,2,0
1,14,3,3,0
1,14,3,4,0
1,14,3,5,0
1,14,3,6,0
1,14,3,7,1
1,15,3,1,0
1,15,3,2,0
1,15,3,3,0
1,15,3,4,0
1,15,3,5,1
1,16,2,1,0
1,16,2,2,1
1,17,3,1,0
1,17,3,2,0
1,17,3,3,0
1,17,3,4,0
1,17,3,5,1
1,18,2,1,0
1,18,2,2,0
1,18,2,3,0
1,18,2,4,0
1,18,2,5,1
1,19,1,1,0
1,19,1,2,0
1,19,1,3,0
1,19,1,4,0
1,19,1,5,0
1,19,1,6,0
1,19,1,7,0
1,19,1,8,0
1,20,1,1,0
1,20,1,2,0
1,20,1,3,0
1,20,1,4,0
1,20,1,5,0
1,20,1,6,1
1,21,3,1,0
1,21,3,2,0
1,21,3,3,0
1,21,3,4,0
1,21,3,5,1
1,22,1,1,0
1,22,1,2,0
1,22,1,3,0
1,22,1,4,0
1,22,1,5,1
1,23,2,1,0
1,23,2,2,0
1,23,2,3,0
1,23,2,4,0
1,23,2,5,0
1,23,2,6,0
1,23,2,7,1
1,24,3,1,0
1,24,3,2,0
1,24,3,3,0
1,24,3,4,0
1,24,3,5,0
1,24,3,6,0
1,24,3,7,1
1,25,1,1,0
1,25,1,2,0
1,25,1,3,0
1,25,1,4,0
1,25,1,5,0
1,25,1,6,0
1,25,1,7,0
1,25,1,8,0
1,26,3,1,0
1,26,3,2,0
1,26,3,3,0
1,26,3,4,0
1,26,3,5,0
1,26,3,6,0
1,26,3,7,0
1,26,3,8,0
1,27,2,1,0
1,27,2,2,0
1,27,2,3,0
1,27,2,4,0
1,27,2,5,0
1,27,2,6,1
1,28,3,1,0
1,28,3,2,0
1,28,3,3,0
1,28,3,4,0
1,28,3,5,0
1,28,3,6,0
1,28,3,7,0
1,28,3,8,0
1,29,2,1,0
1,29,2,2,0
1,29,2,3,0
1,29,2,4,0
1,29,2,5,0
1,29,2,6,0
1,29,2,7,0
1,29,2,8,1
1,30,1,1,0
1,30,1,2,0
1,30,1,3,0
1,30,1,4,0
1,30,1,5,0
1,30,1,6,0
1,30,1,7,0
1,30,1,8,1
1,31,2,1,0
1,31,2,2,0
1,31,2,3,0
1,31,2,4,1
1,32,2,1,0
1,32,2,2,0
1,32,2,3,0
1,32,2,4,0
1,32,2,5,0
1,32,2,6,0
1,32,2,7,0
1,32,2,8,1
1,33,3,1,0
1,33,3,2,0
1,33,3,3,0
1,33,3,4,0
1,33,3,5,1
1,34,1,1,0
1,34,1,2,0
1,34,1,3,0
1,34,1,4,1
1,35,2,1,0
1,35,2,2,0
1,35,2,3,0
1,35,2,4,0
1,35,2,5,1
1,36,1,1,1
1,37,3,1,0
1,37,3,2,0
1,37,3,3,0
1,37,3,4,0
1,37,3,5,0
1,37,3,6,0
1,37,3,7,0
1,37,3,8,1
1,38,3,1,0
1,38,3,2,0
1,38,3,3,1
1,39,2,1,0
1,39,2,2,0
1,39,2,3,0
1,39,2,4,0
1,39,2,5,0
1,39,2,6,1
1,40,3,1,0
1,40,3,2,0
1,40,3,3,0
1,40,3,4,0
1,40,3,5,0
1,40,3,6,0
1,40,3,7,0
1,40,3,8,1
1,41,1,1,0
1,41,1,2,0
1,41,1,3,0
1,41,1,4,0
1,41,1,5,1
1,42,3,1,0
1,42,3,2,0
1,42,3,3,0
1,42,3,4,0
1,42,3,5,0
1,42,3,6,1
1,43,1,1,0
1,43,1,2,0
1,43,1,3,0
1,43,1,4,0
1,43,1,5,1
1,44,1,1,0
1,44,1,2,0
1,44,1,3,0
1,44,1,4,0
1,44,1,5,0
1,44,1,6,0
1,44,1,7,0
1,44,1,8,1
1,45,2,1,0
1,45,2,2,0
1,45,2,3,0
1,45,2,4,0
1,45,2,5,0
1,45,2,6,0
1,45,2,7,0
1,45,2,8,0
1,46,3,1,0
1,46,3,2,0
1,46,3,3,0
1,46,3,4,0
1,46,3,5,0
1,46,3,6,0
1,46,3,7,0
1,46,3,8,1
1,47,3,1,0
1,47,3,2,0
1,47,3,3,0
1,47,3,4,0
1,47,3,5,0
1,47,3,6,0
1,47,3,7,1
1,48,3,1,0
1,48,3,2,0
1,48,3,3,1
1,49,3,1,0
1,49,3,2,0
1,49,3,3,0
1,49,3,4,0
1,49,3,5,1
1,50,3,1,0
1,50,3,2,0
1,50,3,3,0
1,50,3,4,0
1,50,3,5,0
1,50,3,6,0
1,50,3,7,0
1,50,3,8,0
1,51,1,1,0
1,51,1,2,0
1,51,1,3,0
1,51,1,4,0
1,51,1,5,1
1,52,3,1,0
1,52,3,2,0
1,52,3,3,0
1,52,3,4,0
1,52,3,5,1
1,53,2,1,0
1,53,2,2,0
1,53,2,3,0
1,53,2,4,0
1,53,2,5,0
1,53,2,6,0
1,53,2,7,0
1,53,2,8,0
1,54,3,1,0
1,54,3,2,0
1,54,3,3,0
1,54,3,4,0
1,54,3,5,0
1,54,3,6,1
1,55,3,1,0
1,55,3,2,0
1,55,3,3,0
1,55,3,4,0
1,55,3,5,1
1,56,1,1,0
1,56,1,2,0
1,56,1,3,0
1,56,1,4,1
1,57,2,1,0
1,57,2,2,0
1,57,2,3,0
1,57,2,4,0
1,57,2,5,0
1,57,2,6,1
1,58,3,1,0
1,58,3,2,0
1,58,3,3,0
1,58,3,4,0
1,58,3,5,0
1,58,3,6,0
1,58,3,7,0
1,58,3,8,1
1,59,2,1,0
1,59,2,2,0
1,59,2,3,0
1,59,2,4,0
1,59,2,5,0
1,59,2,6,1
1,60,2,1,0
1,60,2,2,0
1,60,2,3,0
1,60,2,4,1
1,61,2,1,0
1,61,2,2,0
1,61,2,3,0
1,61,2,4,0
1,61,2,5,0
1,61,2,6,0
1,61,2,7,1
1,62,1,1,0
1,62,1,2,0
1,62,1,3,0
1,62,1,4,0
1,62,1,5,0
1,62,1,6,0
1,62,1,7,0
1,62,1,8,0
1,63,2,1,0
1,63,2,2,0
1,63,2,3,0
1,63,2,4,0
1,63,2,5,0
1,63,2,6,1
1,64,3,1,0
1,64,3,2,0
1,64,3,3,0
1,64,3,4,0
1,64,3,5,1
1,65,2,1,0
1,65,2,2,0
1,65,2,3,0
1,65,2,4,0
1,65,2,5,1
1,66,1,1,0
1,66,1,2,0
1,66,1,3,0
1,66,1,4,0
1,66,1,5,0
1,66,1,6,1
1,67,2,1,0
1,67,2,2,0
1,67,2,3,0
1,67,2,4,0
1,67,2,5,0
1,67,2,6,0
1,67,2,7,0
1,67,2,8,0
1,68,3,1,0
1,68,3,2,0
1,68,3,3,0
1,68,3,4,1
1,69,1,1,0
1,69,1,2,0
1,69,1,3,0
1,69,1,4,0
1,69,1,5,0
1,69,1,6,1
1,70,2,1,0
1,70,2,2,0
1,70,2,3,0
1,70,2,4,0
1,70,2,5,0
1,70,2,6,1
1,71,3,1,0
1,71,3,2,0
1,71,3,3,0
1,71,3,4,0
1,71,3,5,0
1,71,3,6,0
1,71,3,7,0
1,71,3,8,0
1,72,2,1,0
1,72,2,2,0
1,72,2,3,0
1,72,2,4,0
1,72,2,5,1
1,73,3,1,0
1,73,3,2,0
1,73,3,3,0
1,73,3,4,0
1,73,3,5,0
1,73,3,6,0
1,73,3,7,0
1,73,3,8,1
1,74,3,1,0
1,74,3,2,0
1,74,3,3,0
1,74,3,4,0
1,74,3,5,0
1,74,3,6,1
1,75,2,1,0
1,75,2,2,0
1,75,2,3,0
1,75,2,4,0
1,75,2,5,1
1,76,1,1,0
1,76,1,2,0
1,76,1,3,0
1,76,1,4,0
1,76,1,5,0
1,76,1,6,1
1,77,1,1,0
1,77,1,2,0
1,77,1,3,0
1,77,1,4,0
1,77,1,5,1
1,78,2,1,0
1,78,2,2,0
1,78,2,3,0
1,78,2,4,0
1,78,2,5,0
1,78,2,6,0
1,78,2,7,1
1,79,3,1,0
1,79,3,2,0
1,79,3,3,0
1,79,3,4,0
1,79,3,5,0
1,79,3,6,1
1,80,3,1,0
1,80,3,2,0
1,80,3,3,0
1,80,3,4,0
1,80,3,5,0
1,80,3,6,0
1,80,3,7,1
1,81,3,1,0
1,81,3,2,0
1,81,3,3,0
1,81,3,4,0
1,81,3,5,0
1,81,3,6,0
1,81,3,7,0
1,81,3,8,1
1,82,1,1,0
1,82,1,2,0
1,82,1,3,0
1,82,1,4,0
1,82,1,5,0
1,82,1,6,0
1,82,1,7,0
1,82,1,8,0
1,83,3,1,0
1,83,3,2,0
1,83,3,3,0
1,83,3,4,1
1,84,3,1,0
1,84,3,2,0
1,84,3,3,0
1,84,3,4,0
1,84,3,5,1
1,85,2,1,0
1,85,2,2,0
1,85,2,3,0
1,85,2,4,0
1,85,2,5,0
1,85,2,6,0
1,85,2,7,1
1,86,1,1,0
1,86,1,2,0
1,86,1,3,0
1,86,1,4,0
1,86,1,5,0
1,86,1,6,0
1,86,1,7,1
1,87,3,1,0
1,87,3,2,0
1,87,3,3,0
1,87,3,4,0
1,87,3,5,1
1,88,1,1,0
1,88,1,2,0
1,88,1,3,1
1,89,1,1,0
1,89,1,2,0
1,89,1,3,0
1,89,1,4,0
1,89,1,5,0
1,89,1,6,1
1,90,3,1,0
1,90,3,2,0
1,90,3,3,0
1,90,3,4,0
1,90,3,5,1
1,91,3,1,0
1,91,3,2,0
1,91,3,3,0
1,91,3,4,0
1,91,3,5,1
1,92,3,1,0
1,92,3,2,0
1,92,3,3,1
1,93,3,1,0
1,93,3,2,0
1,93,3,3,0
1,93,3,4,0
1,93,3,5,0
1,93,3,6,1
1,94,2,1,0
1,94,2,2,0
1,94,2,3,0
1,94,2,4,0
1,94,2,5,1
1,95,2,1,0
1,95,2,2,0
1,95,2,3,0
1,95,2,4,0
1,95,2,5,0
1,95,2,6,0
1,95,2,7,0
1,95,2,8,1
1,96,3,1,0
1,96,3,2,0
1,96,3,3,0
1,96,3,4,0
1,96,3,5,0
1,96,3,6,0
1,96,3,7,0
1,96,3,8,0
1,97,3,1,0
1,97,3,2,0
1,97,3,3,0
1,97,3,4,0
1,97,3,5,0
1,97,3,6,0
1,97,3,7,1
1,98,1,1,0
1,98,1,2,0
1,98,1,3,0
1,98,1,4,0
1,98,1,5,0
1,98,1,6,0
1,98,1,7,1
1,99,3,1,0
1,99,3,2,0
1,99,3,3,0
1,99,3,4,1
1,100,1,1,0
1,100,1,2,0
1,100,1,3,0
1,100,1,4,0
1,100,1,5,1
1,101,1,1,0
1,101,1,2,0
1,101,1,3,0
1,101,1,4,0
1,101,1,5,0
1,101,1,6,1
1,102,1,1,0
1,102,1,2,0
1,102,1,3,0
1,102,1,4,0
1,102,1,5,0
1,102,1,6,0
1,102,1,7,0
1,102,1,8,0
1,103,2,1,0
1,103,2,2,0
1,103,2,3,1
1,104,1,1,0
1,104,1,2,0
1,104,1,3,0
1,104,1,4,0
1,104,1,5,0
1,104,1,6,0
1,104,1,7,1
1,105,1,1,0
1,105,1,2,1
1,106,1,1,0
1,106,1,2,0
1,106,1,3,1
1,107,3,1,0
1,107,3,2,0
1,107,3,3,0
1,107,3,4,0
1,107,3,5,0
1,107,3,6,1
1,108,2,1,0
1,108,2,2,0
1,108,2,3,0
1,108,2,4,0
1,108,2,5,0
1,108,2,6,0
1,108,2,7,0
1,108,2,8,1
1,109,2,1,0
1,109,2,2,0
1,109,2,3,0
1,109,2,4,0
1,109,2,5,0
1,109,2,6,0
1,109,2,7,0
1,109,2,8,1
1,110,3,1,0
1,110,3,2,0
1,110,3,3,0
1,110,3,4,0
1,110,3,5,1
1,111,2,1,0
1,111,2,2,0
1,111,2,3,0
1,111,2,4,0
1,111,2,5,0
1,111,2,6,1
1,112,2,1,0
1,112,2,2,0
1,112,2,3,0
1,112,2,4,0
1,112,2,5,0
1,112,2,6,0
1,112,2,7,0
1,112,2,8,0
1,113,2,1,0
1,113,2,2,0
1,113,2,3,0
1,113,2,4,0
1,113,2,5,0
1,113,2,6,1
1,114,1,1,0
1,114,1,2,0
1,114,1,3,0
1,114,1,4,1
1,115,1,1,0
1,115,1,2,0
1,115,1,3,0
1,115,1,4,0
1,115,1,5,0
1,115,1,6,0
1,115,1,7,0
1,115,1,8,1
1,116,3,1,0
1,116,3,2,0
1,116,3,3,0
1,116,3,4,0
1,116,3,5,0
1,116,3,6,0
1,116,3,7,0
1,116,3,8,0
1,117,3,1,0
1,117,3,2,0
1,117,3,3,0
1,117,3,4,0
1,117,3,5,1
1,118,3,1,0
1,118,3,2,0
1,118,3,3,0
1,118,3,4,0
1,118,3,5,1
1,119,2,1,0
1,119,2,2,0
1,119,2,3,0
1,119,2,4,0
1,119,2,5,0
1,119,2,6,0
1,119,2,7,1
1,120,2,1,0
1,120,2,2,0
1,120,2,3,0
1,120,2,4,0
1,120,2,5,0
1,120,2,6,0
1,120,2,7,1
1,121,2,1,0
1,121,2,2,0
1,121,2,3,0
1,121,2,4,0
1,121,2,5,1
1,122,1,1,0
1,122,1,2,0
1,122,1,3,0
1,122,1,4,0
1,122,1,5,1
1,123,1,1,0
1,123,1,2,0
1,123,1,3,0
1,123,1,4,0
1,123,1,5,0
1,123,1,6,0
1,123,1,7,1
1,124,1,1,0
1,124,1,2,0
1,124,1,3,0
1,124,1,4,0
1,124,1,5,0
1,124,1,6,0
1,124,1,7,1
1,125,3,1,0
1,125,3,2,0
1,125,3,3,0
1,125,3,4,0
1,125,3,5,0
1,125,3,6,0
1,125,3,7,0
1,125,3,8,0
1,126,3,1,0
1,126,3,2,0
1,126,3,3,0
1,126,3,4,0
1,126,3,5,1
1,127,1,1,0
1,127,1,2,0
1,127,1,3,0
1,127,1,4,0
1,127,1,5,0
1,127,1,6,0
1,127,1,7,0
1,127,1,8,1
1,128,2,1,0
1,128,2,2,0
1,128,2,3,0
1,128,2,4,0
1,128,2,5,1
1,129,1,1,0
1,129,1,2,0
1,129,1,3,0
1,129,1,4,0
1,129,1,5,0
1,129,1,6,0
1,129,1,7,1
1,130,3,1,0
1,130,3,2,0
1,130,3,3,0
1,130,3,4,0
1,130,3,5,0
1,130,3,6,0
1,130,3,7,1
1,131,3,1,0
1,131,3,2,0
1,131,3,3,0
1,131,3,4,0
1,131,3,5,0
1,131,3,6,1
1,132,2,1,0
1,132,2,2,0
1,132,2,3,0
1,132,2,4,0
1,132,2,5,0
1,132,2,6,0
1,132,2,7,1
1,133,2,1,0
1,133,2,2,0
1,133,2,3,0
1,133,2,4,0
1,133,2,5,0
1,133,2,6,0
1,133,2,7,1
1,134,1,1,0
1,134,1,2,0
1,134,1,3,0
1,134,1,4,0
1,134,1,5,0
1,134,1,6,0
1,134,1,7,0
1,134,1,8,0
1,135,3,1,0
1,135,3,2,0
1,135,3,3,0
1,135,3,4,0
1,135,3,5,0
1,135,3,6,1
1,136,3,1,0
1,136,3,2,0
1,136,3,3,1
1,137,2,1,0
1,137,2,2,0
1,137,2,3,0
1,137,2,4,0
1,137,2,5,0
1,137,2,6,1
1,138,1,1,0
1,138,1,2,0
1,138,1,3,0
1,138,1,4,0
1,138,1,5,0
1,138,1,6,0
1,138,1,7,0
1,138,1,8,1
1,139,1,1,0
1,139,1,2,0
1,139,1,3,0
1,139,1,4,0
1,139,1,5,1
1,140,2,1,0
1,140,2,2,0
1,140,2,3,0
1,140,2,4,0
1,140,2,5,0
1,140,2,6,1
1,141,3,1,0
1,141,3,2,0
1,141,3,3,0
1,141,3,4,1
1,142,3,1,0
1,142,3,2,0
1,142,3,3,0
1,142,3,4,0
1,142,3,5,0
1,142,3,6,1
1,143,1,1,0
1,143,1,2,0
1,143,1,3,0
1,143,1,4,0
1,143,1,5,0
1,143,1,6,0
1,143,1,7,0
1,143,1,8,1
1,144,1,1,0
1,144,1,2,0
1,144,1,3,0
1,144,1,4,0
1,144,1,5,0
1,144,1,6,1
1,145,2,1,0
1,145,2,2,0
1,145,2,3,0
1,145,2,4,1
1,146,2,1,0
1,146,2,2,1
1,147,1,1,0
1,147,1,2,0
1,147,1,3,0
1,147,1,4,0
1,147,1,5,0
1,147,1,6,0
1,147,1,7,1
1,148,3,1,0
1,148,3,2,0
1,148,3,3,0
1,148,3,4,0
1,148,3,5,0
1,148,3,6,0
1,148,3,7,0
1,148,3,8,1
1,149,3,1,0
1,149,3,2,0
1,149,3,3,0
1,149,3,4,0
1,149,3,5,0
1,149,3,6,0
1,149,3,7,1
1,150,2,1,0
1,150,2,2,0
1,150,2,3,0
1,150,2,4,0
1,150,2,5,0
1,150,2,6,0
1,150,2,7,0
1,150,2,8,0
1,151,3,1,0
1,151,3,2,0
1,151,3,3,0
1,151,3,4,1
1,152,2,1,0
1,152,2,2,0
1,152,2,3,0
1,152,2,4,0
1,152,2,5,1
1,153,1,1,0
1,153,1,2,0
1,153,1,3,0
1,153,1,4,0
1,153,1,5,0
1,153,1,6,1
1,154,2,1,0
1,154,2,2,0
1,154,2,3,0
1,154,2,4,0
1,154,2,5,0
1,154,2,6,0
1,154,2,7,1
1,155,2,1,0
1,155,2,2,0
1,155,2,3,0
1,155,2,4,0
1,155,2,5,0
1,155,2,6,0
1,155,2,7,0
1,155,2,8,0
1,156,1,1,0
1,156,1,2,0
1,156,1,3,0
1,156,1,4,0
1,156,1,5,0
1,156,1,6,0
1,156,1,7,0
1,156,1,8,1
1,157,3,1,0
1,157,3,2,0
1,157,3,3,0
1,157,3,4,0
1,157,3,5,0
1,157,3,6,0
1,157,3,7,0
1,157,3,8,0
1,158,1,1,0
1,158,1,2,0
1,158,1,3,0
1,158,1,4,0
1,158,1,5,0
1,158,1,6,0
1,158,1,7,0
1,158,1,8,0
1,159,1,1,0
1,159,1,2,0
1,159,1,3,0
1,159,1,4,0
1,159,1,5,0
1,159,1,6,0
1,159,1,7,0
1,159,1,8,1
1,160,3,1,0
1,160,3,2,0
1,160,3,3,0
1,160,3,4,1
1,161,1,1,0
1,161,1,2,0
1,161,1,3,0
1,161,1,4,0
1,161,1,5,1
1,162,1,1,0
1,162,1,2,0
1,162,1,3,0
1,162,1,4,0
1,162,1,5,0
1,162,1,6,0
1,162,1,7,1
1,163,1,1,0
1,163,1,2,0
1,163,1,3,0
1,163,1,4,0
1,163,1,5,0
1,163,1,6,0
1,163,1,7,0
1,163,1,8,1
1,164,2,1,0
1,164,2,2,0
1,164,2,3,0
1,164,2,4,0
1,164,2,5,0
1,164,2,6,0
1,164,2,7,0
1,164,2,8,1
1,165,3,1,0
1,165,3,2,0
1,165,3,3,0
1,165,3,4,0
1,165,3,5,0
1,165,3,6,0
1,165,3,7,0
1,165,3,8,0
1,166,1,1,0
1,166,1,2,0
1,166,1,3,0
1,166,1,4,1
1,167,2,1,0
1,167,2,2,0
1,167,2,3,0
1,167,2,4,0
1,167,2,5,0
1,167,2,6,0
1,167,2,7,0
1,167,2,8,0
1,168,3,1,0
1,168,3,2,0
1,168,3,3,0
1,168,3,4,0
1,168,3,5,0
1,168,3,6,0
1,168,3,7,1
1,169,1,1,0
1,169,1,2,0
1,169,1,3,0
1,169,1,4,0
1,169,1,5,1
1,170,1,1,0
1,170,1,2,0
1,170,1,3,0
1,170,1,4,0
1,170,1,5,0
1,170,1,6,0
1,170,1,7,1
1,171,2,1,0
1,171,2,2,0
1,171,2,3,0
1,171,2,4,0
1,171,2,5,0
1,171,2,6,0
1,171,2,7,0
1,171,2,8,1
1,172,1,1,0
1,172,1,2,0
1,172,1,3,0
1,172,1,4,0
1,172,1,5,0
1,172,1,6,0
1,172,1,7,0
1,172,1,8,0
1,173,2,1,0
1,173,2,2,0
1,173,2,3,0
1,173,2,4,1
1,174,1,1,0
1,174,1,2,0
1,174,1,3,0
1,174,1,4,0
1,174,1,5,0
1,174,1,6,0
1,174,1,7,0
1,174,1,8,0
1,175,3,1,0
1,175,3,2,0
1,175,3,3,0
1,175,3,4,0
1,175,3,5,0
1,175,3,6,1
1,176,3,1,0
1,176,3,2,0
1,176,3,3,0
1,176,3,4,0
1,176,3,5,0
1,176,3,6,0
1,176,3,7,0
1,176,3,8,0
1,177,3,1,0
1,177,3,2,0
1,177,3,3,0
1,177,3,4,0
1,177,3,5,0
1,177,3,6,1
1,178,1,1,0
1,178,1,2,0
1,178,1,3,0
1,178,1,4,0
1,178,1,5,0
1,178,1,6,0
1,178,1,7,1
1,179,1,1,0
1,179,1,2,0
1,179,1,3,0
1,179,1,4,0
1,179,1,5,0
1,179,1,6,0
1,179,1,7,0
1,179,1,8,1
1,180,3,1,0
1,180,3,2,0
1,180,3,3,0
1,180,3,4,0
1,180,3,5,0
1,180,3,6,0
1,180,3,7,0
1,180,3,8,1
1,181,3,1,0
1,181,3,2,0
1,181,3,3,0
1,181,3,4,0
1,181,3,5,0
1,181,3,6,0
1,181,3,7,0
1,181,3,8,1
1,182,1,1,0
1,182,1,2,1
1,183,2,1,0
1,183,2,2,0
1,183,2,3,0
1,183,2,4,0
1,183,2,5,0
1,183,2,6,0
1,183,2,7,0
1,183,2,8,1
1,184,3,1,0
1,184,3,2,0
1,184,3,3,0
1,184,3,4,0
1,184,3,5,0
1,184,3,6,0
1,184,3,7,1
1,185,2,1,0
1,185,2,2,0
1,185,2,3,1
1,186,3,1,0
1,186,3,2,0
1,186,3,3,0
1,186,3,4,0
1,186,3,5,1
1,187,2,1,0
1,187,2,2,0
1,187,2,3,0
1,187,2,4,0
1,187,2,5,0
1,187,2,6,1
1,188,3,1,0
1,188,3,2,0
1,188,3,3,1
1,189,3,1,0
1,189,3,2,0
1,189,3,3,0
1,189,3,4,0
1,189,3,5,0
1,189,3,6,1
1,190,1,1,0
1,190,1,2,0
1,190,1,3,0
1,190,1,4,0
1,190,1,5,0
1,190,1,6,0
1,190,1,7,0
1,190,1,8,1
1,191,2,1,0
1,191,2,2,0
1,191,2,3,0
1,191,2,4,0
1,191,2,5,1
1,192,2,1,0
1,192,2,2,0
1,192,2,3,0
1,192,2,4,0
1,192,2,5,0
1,192,2,6,1
1,193,2,1,0
1,193,2,2,0
1,193,2,3,0
1,193,2,4,0
1,193,2,5,0
1,193,2,6,0
1,193,2,7,0
1,193,2,8,0
1,194,1,1,0
1,194,1,2,0
1,194,1,3,0
1,194,1,4,0
1,194,1,5,0
1,194,1,6,0
1,194,1,7,0
1,194,1,8,1
1,195,2,1,0
1,195,2,2,0
1,195,2,3,0
1,195,2,4,0
1,195,2,5,0
1,195,2,6,1
1,196,2,1,0
1,196,2,2,0
1,196,2,3,0
1,196,2,4,0
1,196,2,5,0
1,196,2,6,0
1,196,2,7,0
1,196,2,8,0
1,197,1,1,0
1,197,1,2,0
1,197,1,3,0
1,197,1,4,0
1,197,1,5,0
1,197,1,6,0
1,197,1,7,1
1,198,2,1,0
1,198,2,2,0
1,198,2,3,0
1,198,2,4,0
1,198,2,5,0
1,198,2,6,0
1,198,2,7,0
1,198,2,8,1
1,199,1,1,0
1,199,1,2,0
1,199,1,3,0
1,199,1,4,0
1,199,1,5,0
1,199,1,6,1
1,200,2,1,0
1,200,2,2,0
1,200,2,3,0
1,200,2,4,0
1,200,2,5,1
1,201,2,1,0
1,201,2,2,0
1,201,2,3,0
1,201,2,4,0
1,201,2,5,0
1,201,2,6,0
1,201,2,7,0
1,201,2,8,0
1,202,2,1,0
1,202,2,2,0
1,202,2,3,0
1,202,2,4,0
1,202,2,5,1
1,203,3,1,0
1,203,3,2,0
1,203,3,3,0
1,203,3,4,0
1,203,3,5,0
1,203,3,6,0
1,203,3,7,0
1,203,3,8,1
1,204,1,1,0
1,204,1,2,0
1,204,1,3,0
1,204,1,4,0
1,204,1,5,0
1,204,1,6,0
1,204,1,7,1
1,205,1,1,0
1,205,1,2,0
1,205,1,3,0
1,205,1,4,0
1,205,1,5,1
1,206,1,1,0
1,206,1,2,0
1,206,1,3,0
1,206,1,4,0
1,206,1,5,0
1,206,1,6,0
1,206,1,7,0
1,206,1,8,0
1,207,2,1,0
1,207,2,2,0
1,207,2,3,1
1,208,1,1,0
1,208,1,2,0
1,208,1,3,0
1,208,1,4,1
1,209,1,1,0
1,209,1,2,0
1,209,1,3,0
1,209,1,4,0
1,209,1,5,1
1,210,3,1,0
1,210,3,2,0
1,210,3,3,0
1,210,3,4,0
1,210,3,5,0
1,210,3,6,0
1,210,3,7,0
1,210,3,8,0
1,211,3,1,0
1,211,3,2,0
1,211,3,3,0
1,211,3,4,0
1,211,3,5,1
1,212,2,1,0
1,212,2,2,0
1,212,2,3,0
1,212,2,4,0
1,212,2,5,0
1,212,2,6,0
1,212,2,7,0
1,212,2,8,1
1,213,1,1,0
1,213,1,2,0
1,213,1,3,0
1,213,1,4,0
1,213,1,5,0
1,213,1,6,1
1,214,2,1,0
1,214,2,2,0
1,214,2,3,0
1,214,2,4,0
1,214,2,5,0
1,214,2,6,0
1,214,2,7,0
1,214,2,8,0
1,215,1,1,0
1,215,1,2,0
1,215,1,3,1
1,216,3,1,0
1,216,3,2,0
1,216,3,3,0
1,216,3,4,0
1,216,3,5,0
1,216,3,6,0
1,216,3,7,1
1,217,2,1,0
1,217,2,2,0
1,217,2,3,0
1,217,2,4,0
1,217,2,5,0
1,217,2,6,0
1,217,2,7,1
1,218,3,1,0
1,218,3,2,0
1,218,3,3,0
1,218,3,4,0
1,218,3,5,1
1,219,3,1,0
1,219,3,2,1
1,220,1,1,0
1,220,1,2,0
1,220,1,3,0
1,220,1,4,0
1,220,1,5,0
1,220,1,6,0
1,220,1,7,0
1,220,1,8,0
1,221,2,1,0
1,221,2,2,0
1,221,2,3,0
1,221,2,4,0
1,221,2,5,0
1,221,2,6,0
1,221,2,7,0
1,221,2,8,0
1,222,1,1,0
1,222,1,2,0
1,222,1,3,0
1,222,1,4,0
1,222,1,5,0
1,222,1,6,1
1,223,1,1,0
1,223,1,2,0
1,223,1,3,0
1,223,1,4,1
1,224,1,1,0
1,224,1,2,0
1,224,1,3,0
1,224,1,4,0
1,224,1,5,0
1,224,1,6,0
1,224,1,7,0
1,224,1,8,1
1,225,1,1,0
1,225,1,2,0
1,225,1,3,0
1,225,1,4,0
1,225,1,5,0
1,225,1,6,0
1,225,1,7,0
1,225,1,8,1
1,226,3,1,0
1,226,3,2,0
1,226,3,3,0
1,226,3,4,1
1,227,1,1,0
1,227,1,2,0
1,227,1,3,0
1,227,1,4,0
1,227,1,5,0
1,227,1,6,0
1,227,1,7,0
1,227,1,8,0
1,228,2,1,0
1,228,2,2,0
1,228,2,3,0
1,228,2,4,0
1,228,2,5,0
1,228,2,6,0
1,228,2,7,0
1,228,2,8,0
1,229,3,1,0
1,229,3,2,0
1,229,3,3,0
1,229,3,4,0
1,229,3,5,0
1,229,3,6,1
1,230,2,1,0
1,230,2,2,0
1,230,2,3,0
1,230,2,4,0
1,230,2,5,0
1,230,2,6,0
1,230,2,7,0
1,230,2,8,0
1,231,2,1,0
1,231,2,2,0
1,231,2,3,0
1,231,2,4,0
1,231,2,5,1
1,232,2,1,0
1,232,2,2,0
1,232,2,3,0
1,232,2,4,1
1,233,2,1,0
1,233,2,2,0
1,233,2,3,0
1,233,2,4,0
1,233,2,5,1
1,234,3,1,0
1,234,3,2,0
1,234,3,3,0
1,234,3,4,0
1,234,3,5,0
1,234,3,6,0
1,234,3,7,1
1,235,2,1,0
1,235,2,2,0
1,235,2,3,0
1,235,2,4,0
1,235,2,5,0
1,235,2,6,1
1,236,2,1,0
1,236,2,2,0
1,236,2,3,1
1,237,2,1,0
1,237,2,2,0
1,237,2,3,1
1,238,2,1,0
1,238,2,2,0
1,238,2,3,0
1,238,2,4,0
1,238,2,5,0
1,238,2,6,0
1,238,2,7,0
1,238,2,8,1
1,239,3,1,0
1,239,3,2,0
1,239,3,3,0
1,239,3,4,0
1,239,3,5,0
1,239,3,6,0
1,239,3,7,1
1,240,2,1,0
1,240,2,2,0
1,240,2,3,0
1,240,2,4,0
1,240,2,5,0
1,240,2,6,0
1,240,2,7,1
1,241,2,1,0
1,241,2,2,0
1,241,2,3,0
1,241,2,4,0
1,241,2,5,0
1,241,2,6,0
1,241,2,7,0
1,241,2,8,0
1,242,2,1,0
1,242,2,2,0
1,242,2,3,0
1,242,2,4,0
1,242,2,5,0
1,242,2,6,1
1,243,3,1,0
1,243,3,2,1
1,244,2,1,0
1,244,2,2,0
1,244,2,3,0
1,244,2,4,0
1,244,2,5,0
1,244,2,6,0
1,244,2,7,1
1,245,1,1,0
1,245,1,2,0
1,245,1,3,0
1,245,1,4,0
1,245,1,5,0
1,245,1,6,0
1,245,1,7,1
1,246,2,1,0
1,246,2,2,0
1,246,2,3,0
1,246,2,4,0
1,246,2,5,0
1,246,2,6,0
1,246,2,7,0
1,246,2,8,1
1,247,3,1,0
1,247,3,2,0
1,247,3,3,0
1,247,3,4,0
1,247,3,5,1
1,248,2,1,0
1,248,2,2,0
1,248,2,3,0
1,248,2,4,0
1,248,2,5,1
1,249,2,1,0
1,249,2,2,1
1,250,3,1,0
1,250,3,2,0
1,250,3,3,0
1,250,3,4,0
1,250,3,5,1
1,251,3,1,0
1,251,3,2,0
1,251,3,3,0
1,251,3,4,0
1,251,3,5,0
1,251,3,6,0
1,251,3,7,1
1,252,2,1,0
1,252,2,2,0
1,252,2,3,0
1,252,2,4,0
1,252,2,5,0
1,252,2,6,0
1,252,2,7,1
1,253,1,1,0
1,253,1,2,0
1,253,1,3,0
1,253,1,4,0
1,253,1,5,0
1,253,1,6,0
1,253,1,7,0
1,253,1,8,1
1,254,3,1,0
1,254,3,2,0
1,254,3,3,0
1,254,3,4,0
1,254,3,5,0
1,254,3,6,0
1,254,3,7,0
1,254,3,8,1
1,255,1,1,0
1,255,1,2,0
1,255,1,3,0
1,255,1,4,0
1,255,1,5,0
1,255,1,6,0
1,255,1,7,1
1,256,1,1,0
1,256,1,2,0
1,256,1,3,0
1,256,1,4,0
1,256,1,5,0
1,256,1,6,0
1,256,1,7,0
1,256,1,8,1
1,257,2,1,0
1,257,2,2,0
1,257,2,3,0
1,257,2,4,0
1,257,2,5,0
1,257,2,6,0
1,257,2,7,0
1,257,2,8,0
1,258,1,1,0
1,258,1,2,0
1,258,1,3,0
1,258,1,4,0
1,258,1,5,0
1,258,1,6,1
1,259,1,1,0
1,259,1,2,0
1,259,1,3,0
1,259,1,4,0
1,259,1,5,0
1,259,1,6,0
1,259,1,7,0
1,259,1,8,1
1,260,2,1,0
1,260,2,2,0
1,260,2,3,0
1,260,2,4,0
1,260,2,5,0
1,260,2,6,1
1,261,3,1,0
1,261,3,2,0
1,261,3,3,0
1,261,3,4,1
1,262,2,1,0
1,262,2,2,0
1,262,2,3,0
1,262,2,4,0
1,262,2,5,0
1,262,2,6,0
1,262,2,7,0
1,262,2,8,0
1,263,1,1,0
1,263,1,2,0
1,263,1,3,0
1,263,1,4,0
1,263,1,5,1
1,264,2,1,0
1,264,2,2,0
1,264,2,3,0
1,264,2,4,0
1,264,2,5,0
1,264,2,6,0
1,264,2,7,0
1,264,2,8,0
1,265,1,1,0
1,265,1,2,0
1,265,1,3,0
1,265,1,4,0
1,265,1,5,0
1,265,1,6,0
1,265,1,7,0
1,265,1,8,1
1,266,1,1,0
1,266,1,2,0
1,266,1,3,0
1,266,1,4,0
1,266,1,5,0
1,266,1,6,0
1,266,1,7,0
1,266,1,8,1
1,267,3,1,0
1,267,3,2,0
1,267,3,3,0
1,267,3,4,0
1,267,3,5,0
1,267,3,6,0
1,267,3,7,0
1,267,3,8,1
1,268,1,1,0
1,268,1,2,0
1,268,1,3,0
1,268,1,4,0
1,268,1,5,0
1,268,1,6,1
1,269,3,1,0
1,269,3,2,0
1,269,3,3,0
1,269,3,4,0
1,269,3,5,0
1,269,3,6,1
1,270,3,1,0
1,270,3,2,0
1,270,3,3,0
1,270,3,4,0
1,270,3,5,0
1,270,3,6,0
1,270,3,7,0
1,270,3,8,1
1,271,1,1,0
1,271,1,2,0
1,271,1,3,0
1,271,1,4,0
1,271,1,5,0
1,271,1,6,1
1,272,2,1,0
1,272,2,2,0
1,272,2,3,0
1,272,2,4,1
1,273,1,1,0
1,273,1,2,0
1,273,1,3,0
1,273,1,4,0
1,273,1,5,0
1,273,1,6,1
1,274,1,1,0
1,274,1,2,0
1,274,1,3,0
1,274,1,4,0
1,274,1,5,0
1,274,1,6,0
1,274,1,7,0
1,274,1,8,0
1,275,3,1,0
1,275,3,2,0
1,275,3,3,0
1,275,3,4,0
1,275,3,5,0
1,275,3,6,0
1,275,3,7,0
1,275,3,8,0
1,276,2,1,0
1,276,2,2,0
1,276,2,3,0
1,276,2,4,0
1,276,2,5,0
1,276,2,6,1
1,277,1,1,0
1,277,1,2,0
1,277,1,3,0
1,277,1,4,0
1,277,1,5,1
1,278,1,1,0
1,278,1,2,0
1,278,1,3,0
1,278,1,4,0
1,278,1,5,0
1,278,1,6,1
1,279,3,1,0
1,279,3,2,0
1,279,3,3,1
1,280,1,1,0
1,280,1,2,0
1,280,1,3,1
1,281,3,1,0
1,281,3,2,0
1,281,3,3,0
1,281,3,4,1
1,282,2,1,0
1,282,2,2,0
1,282,2,3,0
1,282,2,4,0
1,282,2,5,1
1,283,1,1,0
1,283,1,2,0
1,283,1,3,1
1,284,2,1,0
1,284,2,2,0
1,284,2,3,0
1,284,2,4,0
1,284,2,5,0
1,284,2,6,1
1,285,1,1,0
1,285,1,2,0
1,285,1,3,0
1,285,1,4,0
1,285,1,5,1
1,286,3,1,0
1,286,3,2,0
1,286,3,3,0
1,286,3,4,0
1,286,3,5,0
1,286,3,6,0
1,286,3,7,1
1,287,1,1,0
1,287,1,2,0
1,287,1,3,0
1,287,1,4,0
1,287,1,5,0
1,287,1,6,0
1,287,1,7,1
1,288,2,1,0
1,288,2,2,0
1,288,2,3,0
1,288,2,4,0
1,288,2,5,0
1,288,2,6,0
1,288,2,7,1
1,289,1,1,0
1,289,1,2,0
1,289,1,3,0
1,289,1,4,0
1,289,1,5,0
1,289,1,6,1
1,290,1,1,0
1,290,1,2,0
1,290,1,3,0
1,290,1,4,0
1,290,1,5,0
1,290,1,6,1
1,291,3,1,0
1,291,3,2,0
1,291,3,3,0
1,291,3,4,0
1,291,3,5,0
1,291,3,6,0
1,291,3,7,0
1,291,3,8,0
1,292,2,1,0
1,292,2,2,0
1,292,2,3,0
1,292,2,4,0
1,292,2,5,1
1,293,2,1,0
1,293,2,2,0
1,293,2,3,0
1,293,2,4,0
1,293,2,5,0
1,293,2,6,0
1,293,2,7,0
1,293,2,8,1
1,294,2,1,0
1,294,2,2,0
1,294,2,3,0
1,294,2,4,0
1,294,2,5,0
1,294,2,6,1
1,295,3,1,0
1,295,3,2,0
1,295,3,3,0
1,295,3,4,0
1,295,3,5,1
1,296,2,1,0
1,296,2,2,0
1,296,2,3,0
1,296,2,4,0
1,296,2,5,0
1,296,2,6,1
1,297,2,1,0
1,297,2,2,0
1,297,2,3,0
1,297,2,4,0
1,297,2,5,0
1,297,2,6,1
1,298,3,1,0
1,298,3,2,0
1,298,3,3,0
1,298,3,4,1
1,299,3,1,0
1,299,3,2,0
1,299,3,3,0
1,299,3,4,0
1,299,3,5,0
1,299,3,6,0
1,299,3,7,1
1,300,3,1,0
1,300,3,2,0
1,300,3,3,0
1,300,3,4,0
1,300,3,5,0
1,300,3,6,1
2,1,2,1,0
2,1,2,2,0
2,1,2,3,0
2,1,2,4,1
2,2,1,1,0
2,2,1,2,0
2,2,1,3,0
2,2,1,4,0
2,2,1,5,0
2,2,1,6,0
2,2,1,7,0
2,2,1,8,1
2,3,3,1,0
2,3,3,2,0
2,3,3,3,0
2,3,3,4,0
2,3,3,5,0
2,3,3,6,0
2,3,3,7,0
2,3,3,8,0
2,4,2,1,0
2,4,2,2,0
2,4,2,3,0
2,4,2,4,0
2,4,2,5,0
2,4,2,6,0
2,4,2,7,0
2,4,2,8,0
2,5,3,1,0
2,5,3,2,0
2,5,3,3,0
2,5,3,4,0
2,5,3,5,1
2,6,1,1,0
2,6,1,2,0
2,6,1,3,1
2,7,3,1,0
2,7,3,2,0
2,7,3,3,0
2,7,3,4,0
2,7,3,5,0
2,7,3,6,0
2,7,3,7,0
2,7,3,8,0
2,8,3,1,0
2,8,3,2,0
2,8,3,3,0
2,8,3,4,0
2,8,3,5,0
2,8,3,6,1
2,9,2,1,0
2,9,2,2,0
2,9,2,3,0
2,9,2,4,0
2,9,2,5,0
2,9,2,6,0
2,9,2,7,0
2,9,2,8,1
2,10,3,1,0
2,10,3,2,0
2,10,3,3,0
2,10,3,4,0
2,10,3,5,0
2,10,3,6,0
2,10,3,7,0
2,10,3,8,0
2,11,3,1,0
2,11,3,2,0
2,11,3,3,0
2,11,3,4,0
2,11,3,5,0
2,11,3,6,0
2,11,3,7,0
2,11,3,8,0
2,12,1,1,0
2,12,1,2,0
2,12,1,3,0
2,12,1,4,0
2,12,1,5,0
2,12,1,6,0
2,12,1,7,1
2,13,3,1,0
2,13,3,2,0
2,13,3,3,0
2,13,3,4,0
2,13,3,5,0
2,13,3,6,1
2,14,2,1,0
2,14,2,2,0
2,14,2,3,0
2,14,2,4,0
2,14,2,5,0
2,14,2,6,0
2,14,2,7,0
2,14,2,8,1
2,15,3,1,0
2,15,3,2,0
2,15,3,3,0
2,15,3,4,0
2,15,3,5,0
2,15,3,6,0
2,15,3,7,0
2,15,3,8,1
2,16,1,1,0
2,16,1,2,0
2,16,1,3,0
2,16,1,4,0
2,16,1,5,0
2,16,1,6,0
2,16,1,7,1
2,17,3,1,0
2,17,3,2,0
2,17,3,3,0
2,17,3,4,1
2,18,1,1,0
2,18,1,2,0
2,18,1,3,0
2,18,1,4,0
2,18,1,5,0
2,18,1,6,0
2,18,1,7,0
2,18,1,8,1
2,19,3,1,0
2,19,3,2,0
2,19,3,3,0
2,19,3,4,0
2,19,3,5,0
2,19,3,6,1
2,20,3,1,0
2,20,3,2,0
2,20,3,3,0
2,20,3,4,0
2,20,3,5,0
2,20,3,6,0
2,20,3,7,0
2,20,3,8,0
2,21,3,1,0
2,21,3,2,0
2,21,3,3,0
2,21,3,4,0
2,21,3,5,0
2,21,3,6,0
2,21,3,7,0
2,21,3,8,0
2,22,2,1,0
2,22,2,2,0
2,22,2,3,0
2,22,2,4,0
2,22,2,5,0
2,22,2,6,0
2,22,2,7,1
2,23,2,1,0
2,23,2,2,0
2,23,2,3,0
2,23,2,4,1
2,24,2,1,0
2,24,2,2,0
2,24,2,3,0
2,24,2,4,0
2,24,2,5,0
2,24,2,6,1
2,25,2,1,0
2,25,2,2,0
2,25,2,3,0
2,25,2,4,0
2,25,2,5,1
2,26,2,1,0
2,26,2,2,0
2,26,2,3,0
2,26,2,4,0
2,26,2,5,0
2,26,2,6,1
2,27,2,1,0
2,27,2,2,0
2,27,2,3,0
2,27,2,4,0
2,27,2,5,0
2,27,2,6,0
2,27,2,7,0
2,27,2,8,1
2,28,2,1,0
2,28,2,2,0
2,28,2,3,0
2,28,2,4,0
2,28,2,5,0
2,28,2,6,0
2,28,2,7,0
2,28,2,8,0
2,29,1,1,0
2,29,1,2,0
2,29,1,3,0
2,29,1,4,1
2,30,1,1,0
2,30,1,2,0
2,30,1,3,0
2,30,1,4,1
2,31,2,1,0
2,31,2,2,0
2,31,2,3,0
2,31,2,4,0
2,31,2,5,0
2,31,2,6,0
2,31,2,7,0
2,31,2,8,1
2,32,3,1,0
2,32,3,2,0
2,32,3,3,0
2,32,3,4,0
2,32,3,5,0
2,32,3,6,1
2,33,1,1,0
2,33,1,2,0
2,33,1,3,0
2,33,1,4,0
2,33,1,5,0
2,33,1,6,1
2,34,3,1,0
2,34,3,2,0
2,34,3,3,0
2,34,3,4,0
2,34,3,5,0
2,34,3,6,1
2,35,1,1,0
2,35,1,2,0
2,35,1,3,1
2,36,2,1,0
2,36,2,2,0
2,36,2,3,0
2,36,2,4,0
2,36,2,5,0
2,36,2,6,0
2,36,2,7,0
2,36,2,8,0
2,37,2,1,0
2,37,2,2,0
2,37,2,3,0
2,37,2,4,0
2,37,2,5,0
2,37,2,6,0
2,37,2,7,0
2,37,2,8,1
2,38,1,1,0
2,38,1,2,0
2,38,1,3,1
2,39,3,1,0
2,39,3,2,0
2,39,3,3,0
2,39,3,4,0
2,39,3,5,1
2,40,2,1,0
2,40,2,2,0
2,40,2,3,0
2,40,2,4,0
2,40,2,5,0
2,40,2,6,1
2,41,2,1,0
2,41,2,2,0
2,41,2,3,1
2,42,2,1,0
2,42,2,2,0
2,42,2,3,0
2,42,2,4,0
2,42,2,5,1
2,43,2,1,0
2,43,2,2,0
2,43,2,3,0
2,43,2,4,0
2,43,2,5,0
2,43,2,6,0
2,43,2,7,1
2,44,2,1,0
2,44,2,2,0
2,44,2,3,0
2,44,2,4,0
2,44,2,5,0
2,44,2,6,0
2,44,2,7,0
2,44,2,8,0
2,45,3,1,0
2,45,3,2,0
2,45,3,3,0
2,45,3,4,0
2,45,3,5,0
2,45,3,6,0
2,45,3,7,0
2,45,3,8,0
2,46,1,1,0
2,46,1,2,0
2,46,1,3,0
2,46,1,4,0
2,46,1,5,0
2,46,1,6,0
2,46,1,7,0
2,46,1,8,1
2,47,3,1,0
2,47,3,2,0
2,47,3,3,0
2,47,3,4,0
2,47,3,5,0
2,47,3,6,0
2,47,3,7,0
2,47,3,8,1
2,48,2,1,0
2,48,2,2,0
2,48,2,3,0
2,48,2,4,0
2,48,2,5,1
2,49,1,1,0
2,49,1,2,0
2,49,1,3,0
2,49,1,4,0
2,49,1,5,0
2,49,1,6,1
2,50,3,1,0
2,50,3,2,0
2,50,3,3,0
2,50,3,4,0
2,50,3,5,1
2,51,2,1,0
2,51,2,2,0
2,51,2,3,0
2,51,2,4,0
2,51,2,5,0
2,51,2,6,0
2,51,2,7,1
2,52,3,1,0
2,52,3,2,0
2,52,3,3,0
2,52,3,4,1
2,53,2,1,0
2,53,2,2,0
2,53,2,3,0
2,53,2,4,0
2,53,2,5,0
2,53,2,6,0
2,53,2,7,1
2,54,2,1,0
2,54,2,2,0
2,54,2,3,0
2,54,2,4,0
2,54,2,5,0
2,54,2,6,0
2,54,2,7,1
2,55,2,1,0
2,55,2,2,0
2,55,2,3,0
2,55,2,4,0
2,55,2,5,0
2,55,2,6,0
2,55,2,7,1
2,56,3,1,0
2,56,3,2,0
2,56,3,3,0
2,56,3,4,0
2,56,3,5,1
2,57,2,1,0
2,57,2,2,0
2,57,2,3,0
2,57,2,4,0
2,57,2,5,0
2,57,2,6,0
2,57,2,7,0
2,57,2,8,0
2,58,2,1,0
2,58,2,2,0
2,58,2,3,0
2,58,2,4,0
2,58,2,5,0
2,58,2,6,0
2,58,2,7,0
2,58,2,8,0
2,59,1,1,0
2,59,1,2,0
2,59,1,3,0
2,59,1,4,0
2,59,1,5,1
2,60,1,1,0
2,60,1,2,0
2,60,1,3,0
2,60,1,4,0
2,60,1,5,0
2,60,1,6,0
2,60,1,7,1
2,61,1,1,0
2,61,1,2,0
2,61,1,3,0
2,61,1,4,0
2,61,1,5,0
2,61,1,6,1
2,62,1,1,0
2,62,1,2,0
2,62,1,3,0
2,62,1,4,0
2,62,1,5,0
2,62,1,6,0
2,62,1,7,0
2,62,1,8,1
2,63,1,1,0
2,63,1,2,0
2,63,1,3,0
2,63,1,4,0
2,63,1,5,0
2,63,1,6,0
2,63,1,7,0
2,63,1,8,1
2,64,1,1,0
2,64,1,2,0
2,64,1,3,0
2,64,1,4,0
2,64,1,5,0
2,64,1,6,1
2,65,3,1,0
2,65,3,2,0
2,65,3,3,0
2,65,3,4,0
2,65,3,5,0
2,65,3,6,0
2,65,3,7,0
2,65,3,8,0
2,66,3,1,0
2,66,3,2,0
2,66,3,3,0
2,66,3,4,0
2,66,3,5,1
2,67,1,1,0
2,67,1,2,0
2,67,1,3,0
2,67,1,4,0
2,67,1,5,0
2,67,1,6,0
2,67,1,7,1
2,68,1,1,0
2,68,1,2,0
2,68,1,3,0
2,68,1,4,0
2,68,1,5,1
2,69,1,1,0
2,69,1,2,0
2,69,1,3,0
2,69,1,4,0
2,69,1,5,0
2,69,1,6,0
2,69,1,7,0
2,69,1,8,0
2,70,2,1,0
2,70,2,2,0
2,70,2,3,0
2,70,2,4,0
2,70,2,5,0
2,70,2,6,1
2,71,1,1,0
2,71,1,2,0
2,71,1,3,0
2,71,1,4,0
2,71,1,5,0
2,71,1,6,0
2,71,1,7,1
2,72,1,1,0
2,72,1,2,0
2,72,1,3,0
2,72,1,4,0
2,72,1,5,0
2,72,1,6,0
2,72,1,7,0
2,72,1,8,0
2,73,1,1,0
2,73,1,2,0
2,73,1,3,0
2,73,1,4,0
2,73,1,5,1
2,74,3,1,0
2,74,3,2,0
2,74,3,3,0
2,74,3,4,0
2,74,3,5,0
2,74,3,6,0
2,74,3,7,0
2,74,3,8,1
2,75,1,1,0
2,75,1,2,0
2,75,1,3,0
2,75,1,4,0
2,75,1,5,1
2,76,2,1,0
2,76,2,2,0
2,76,2,3,0
2,76,2,4,0
2,76,2,5,0
2,76,2,6,0
2,76,2,7,0
2,76,2,8,1
2,77,2,1,0
2,77,2,2,0
2,77,2,3,0
2,77,2,4,0
2,77,2,5,0
2,77,2,6,0
2,77,2,7,0
2,77,2,8,0
2,78,1,1,0
2,78,1,2,0
2,78,1,3,1
2,79,1,1,0
2,79,1,2,0
2,79,1,3,0
2,79,1,4,0
2,79,1,5,0
2,79,1,6,0
2,79,1,7,0
2,79,1,8,0
2,80,1,1,0
2,80,1,2,0
2,80,1,3,0
2,80,1,4,0
2,80,1,5,0
2,80,1,6,0
2,80,1,7,0
2,80,1,8,1
2,81,1,1,0
2,81,1,2,0
2,81,1,3,0
2,81,1,4,0
2,81,1,5,0
2,81,1,6,1
2,82,2,1,0
2,82,2,2,0
2,82,2,3,0
2,82,2,4,0
2,82,2,5,0
2,82,2,6,0
2,82,2,7,0
2,82,2,8,1
2,83,3,1,0
2,83,3,2,0
2,83,3,3,0
2,83,3,4,0
2,83,3,5,0
2,83,3,6,0
2,83,3,7,0
2,83,3,8,1
2,84,1,1,0
2,84,1,2,0
2,84,1,3,0
2,84,1,4,0
2,84,1,5,0
2,84,1,6,0
2,84,1,7,0
2,84,1,8,0
2,85,2,1,0
2,85,2,2,0
2,85,2,3,0
2,85,2,4,0
2,85,2,5,0
2,85,2,6,0
2,85,2,7,1
2,86,1,1,0
2,86,1,2,0
2,86,1,3,0
2,86,1,4,0
2,86,1,5,0
2,86,1,6,1
2,87,1,1,0
2,87,1,2,0
2,87,1,3,0
2,87,1,4,0
2,87,1,5,0
2,87,1,6,0
2,87,1,7,0
2,87,1,8,1
2,88,2,1,0
2,88,2,2,0
2,88,2,3,0
2,88,2,4,1
2,89,3,1,0
2,89,3,2,0
2,89,3,3,0
2,89,3,4,0
2,89,3,5,0
2,89,3,6,0
2,89,3,7,0
2,89,3,8,0
2,90,3,1,0
2,90,3,2,0
2,90,3,3,0
2,90,3,4,1
2,91,2,1,0
2,91,2,2,0
2,91,2,3,0
2,91,2,4,0
2,91,2,5,0
2,91,2,6,0
2,91,2,7,0
2,91,2,8,1
2,92,1,1,0
2,92,1,2,0
2,92,1,3,0
2,92,1,4,0
2,92,1,5,0
2,92,1,6,1
2,93,1,1,0
2,93,1,2,0
2,93,1,3,0
2,93,1,4,0
2,93,1,5,0
2,93,1,6,1
2,94,3,1,0
2,94,3,2,0
2,94,3,3,0
2,94,3,4,0
2,94,3,5,1
2,95,2,1,0
2,95,2,2,0
2,95,2,3,0
2,95,2,4,0
2,95,2,5,0
2,95,2,6,0
2,95,2,7,1
2,96,2,1,0
2,96,2,2,0
2,96,2,3,0
2,96,2,4,0
2,96,2,5,0
2,96,2,6,0
2,96,2,7,1
2,97,3,1,0
2,97,3,2,0
2,97,3,3,0
2,97,3,4,0
2,97,3,5,0
2,97,3,6,1
2,98,3,1,0
2,98,3,2,0
2,98,3,3,0
2,98,3,4,0
2,98,3,5,0
2,98,3,6,0
2,98,3,7,1
2,99,2,1,0
2,99,2,2,0
2,99,2,3,0
2,99,2,4,0
2,99,2,5,0
2,99,2,6,0
2,99,2,7,0
2,99,2,8,1
2,100,1,1,0
2,100,1,2,0
2,100,1,3,0
2,100,1,4,0
2,100,1,5,0
2,100,1,6,0
2,100,1,7,0
2,100,1,8,0
2,101,2,1,0
2,101,2,2,0
2,101,2,3,0
2,101,2,4,0
2,101,2,5,0
2,101,2,6,1
2,102,1,1,0
2,102,1,2,0
2,102,1,3,0
2,102,1,4,0
2,102,1,5,0
2,102,1,6,0
2,102,1,7,1
2,103,1,1,0
2,103,1,2,0
2,103,1,3,0
2,103,1,4,0
2,103,1,5,0
2,103,1,6,0
2,103,1,7,0
2,103,1,8,1
2,104,3,1,0
2,104,3,2,0
2,104,3,3,0
2,104,3,4,0
2,104,3,5,0
2,104,3,6,0
2,104,3,7,0
2,104,3,8,0
2,105,2,1,0
2,105,2,2,0
2,105,2,3,0
2,105,2,4,1
2,106,3,1,0
2,106,3,2,0
2,106,3,3,0
2,106,3,4,0
2,106,3,5,1
2,107,3,1,0
2,107,3,2,0
2,107,3,3,0
2,107,3,4,1
2,108,3,1,0
2,108,3,2,0
2,108,3,3,0
2,108,3,4,0
2,108,3,5,0
2,108,3,6,0
2,108,3,7,0
2,108,3,8,1
2,109,2,1,0
2,109,2,2,0
2,109,2,3,0
2,109,2,4,0
2,109,2,5,0
2,109,2,6,0
2,109,2,7,0
2,109,2,8,1
2,110,2,1,0
2,110,2,2,0
2,110,2,3,0
2,110,2,4,1
2,111,1,1,0
2,111,1,2,0
2,111,1,3,0
2,111,1,4,0
2,111,1,5,0
2,111,1,6,0
2,111,1,7,0
2,111,1,8,1
2,112,3,1,0
2,112,3,2,0
2,112,3,3,0
2,112,3,4,0
2,112,3,5,1
2,113,2,1,0
2,113,2,2,0
2,113,2,3,0
2,113,2,4,0
2,113,2,5,0
2,113,2,6,1
2,114,2,1,0
2,114,2,2,0
2,114,2,3,0
2,114,2,4,1
2,115,2,1,0
2,115,2,2,0
2,115,2,3,0
2,115,2,4,0
2,115,2,5,0
2,115,2,6,0
2,115,2,7,0
2,115,2,8,1
2,116,1,1,0
2,116,1,2,0
2,116,1,3,0
2,116,1,4,0
2,116,1,5,0
2,116,1,6,1
2,117,2,1,0
2,117,2,2,0
2,117,2,3,0
2,117,2,4,0
2,117,2,5,0
2,117,2,6,1
2,118,2,1,0
2,118,2,2,0
2,118,2,3,0
2,118,2,4,0
2,118,2,5,0
2,118,2,6,0
2,118,2,7,0
2,118,2,8,0
2,119,3,1,0
2,119,3,2,0
2,119,3,3,0
2,119,3,4,0
2,119,3,5,0
2,119,3,6,0
2,119,3,7,0
2,119,3,8,1
2,120,2,1,0
2,120,2,2,0
2,120,2,3,0
2,120,2,4,0
2,120,2,5,1
2,121,2,1,0
2,121,2,2,0
2,121,2,3,0
2,121,2,4,0
2,121,2,5,0
2,121,2,6,0
2,121,2,7,1
2,122,2,1,0
2,122,2,2,0
2,122,2,3,0
2,122,2,4,0
2,122,2,5,0
2,122,2,6,0
2,122,2,7,0
2,122,2,8,0
2,123,3,1,0
2,123,3,2,0
2,123,3,3,0
2,123,3,4,0
2,123,3,5,1
2,124,2,1,0
2,124,2,2,0
2,124,2,3,0
2,124,2,4,0
2,124,2,5,0
2,124,2,6,0
2,124,2,7,1
2,125,1,1,0
2,125,1,2,0
2,125,1,3,0
2,125,1,4,0
2,125,1,5,0
2,125,1,6,0
2,125,1,7,0
2,125,1,8,0
2,126,2,1,0
2,126,2,2,0
2,126,2,3,0
2,126,2,4,0
2,126,2,5,0
2,126,2,6,0
2,126,2,7,0
2,126,2,8,1
2,127,3,1,0
2,127,3,2,0
2,127,3,3,0
2,127,3,4,0
2,127,3,5,0
2,127,3,6,0
2,127,3,7,0
2,127,3,8,0
2,128,3,1,0
2,128,3,2,0
2,128,3,3,0
2,128,3,4,0
2,128,3,5,0
2,128,3,6,1
2,129,3,1,0
2,129,3,2,0
2,129,3,3,0
2,129,3,4,0
2,129,3,5,0
2,129,3,6,0
2,129,3,7,1
2,130,3,1,0
2,130,3,2,0
2,130,3,3,0
2,130,3,4,0
2,130,3,5,0
2,130,3,6,1
2,131,1,1,0
2,131,1,2,0
2,131,1,3,0
2,131,1,4,0
2,131,1,5,1
2,132,1,1,0
2,132,1,2,0
2,132,1,3,0
2,132,1,4,0
2,132,1,5,0
2,132,1,6,0
2,132,1,7,1
2,133,3,1,0
2,133,3,2,0
2,133,3,3,0
2,133,3,4,0
2,133,3,5,1
2,134,1,1,0
2,134,1,2,0
2,134,1,3,0
2,134,1,4,0
2,134,1,5,0
2,134,1,6,1
2,135,2,1,0
2,135,2,2,0
2,135,2,3,0
2,135,2,4,0
2,135,2,5,0
2,135,2,6,0
2,135,2,7,1
2,136,3,1,0
2,136,3,2,0
2,136,3,3,0
2,136,3,4,0
2,136,3,5,0
2,136,3,6,0
2,136,3,7,1
2,137,2,1,0
2,137,2,2,0
2,137,2,3,0
2,137,2,4,0
2,137,2,5,0
2,137,2,6,1
2,138,3,1,0
2,138,3,2,0
2,138,3,3,0
2,138,3,4,0
2,138,3,5,0
2,138,3,6,0
2,138,3,7,1
2,139,1,1,0
2,139,1,2,0
2,139,1,3,0
2,139,1,4,0
2,139,1,5,0
2,139,1,6,0
2,139,1,7,1
2,140,1,1,0
2,140,1,2,0
2,140,1,3,1
2,141,2,1,0
2,141,2,2,0
2,141,2,3,0
2,141,2,4,0
2,141,2,5,0
2,141,2,6,1
2,142,3,1,0
2,142,3,2,0
2,142,3,3,0
2,142,3,4,0
2,142,3,5,1
2,143,3,1,0
2,143,3,2,0
2,143,3,3,0
2,143,3,4,0
2,143,3,5,0
2,143,3,6,1
2,144,3,1,0
2,144,3,2,0
2,144,3,3,0
2,144,3,4,1
2,145,2,1,0
2,145,2,2,0
2,145,2,3,0
2,145,2,4,0
2,145,2,5,0
2,145,2,6,0
2,145,2,7,0
2,145,2,8,1
2,146,2,1,0
2,146,2,2,0
2,146,2,3,0
2,146,2,4,0
2,146,2,5,0
2,146,2,6,0
2,146,2,7,0
2,146,2,8,0
2,147,2,1,0
2,147,2,2,0
2,147,2,3,1
2,148,1,1,0
2,148,1,2,0
2,148,1,3,0
2,148,1,4,0
2,148,1,5,0
2,148,1,6,0
2,148,1,7,0
2,148,1,8,1
2,149,2,1,0
2,149,2,2,0
2,149,2,3,0
2,149,2,4,0
2,149,2,5,1
2,150,1,1,0
2,150,1,2,0
2,150,1,3,0
2,150,1,4,0
2,150,1,5,0
2,150,1,6,0
2,150,1,7,0
2,150,1,8,0
2,151,1,1,0
2,151,1,2,0
2,151,1,3,0
2,151,1,4,0
2,151,1,5,0
2,151,1,6,0
2,151,1,7,1
2,152,2,1,0
2,152,2,2,0
2,152,2,3,0
2,152,2,4,0
2,152,2,5,0
2,152,2,6,1
2,153,2,1,0
2,153,2,2,0
2,153,2,3,0
2,153,2,4,0
2,153,2,5,0
2,153,2,6,0
2,153,2,7,0
2,153,2,8,0
2,154,2,1,0
2,154,2,2,0
2,154,2,3,0
2,154,2,4,0
2,154,2,5,0
2,154,2,6,0
2,154,2,7,1
2,155,3,1,0
2,155,3,2,0
2,155,3,3,0
2,155,3,4,1
2,156,2,1,0
2,156,2,2,0
2,156,2,3,0
2,156,2,4,0
2,156,2,5,0
2,156,2,6,0
2,156,2,7,0
2,156,2,8,1
2,157,2,1,0
2,157,2,2,0
2,157,2,3,0
2,157,2,4,0
2,157,2,5,0
2,157,2,6,0
2,157,2,7,0
2,157,2,8,0
2,158,3,1,0
2,158,3,2,0
2,158,3,3,0
2,158,3,4,0
2,158,3,5,0
2,158,3,6,0
2,158,3,7,0
2,158,3,8,0
2,159,1,1,0
2,159,1,2,0
2,159,1,3,0
2,159,1,4,0
2,159,1,5,0
2,159,1,6,0
2,159,1,7,0
2,159,1,8,1
2,160,1,1,0
2,160,1,2,0
2,160,1,3,0
2,160,1,4,0
2,160,1,5,0
2,160,1,6,0
2,160,1,7,1
2,161,3,1,0
2,161,3,2,0
2,161,3,3,0
2,161,3,4,0
2,161,3,5,0
2,161,3,6,1
2,162,2,1,0
2,162,2,2,0
2,162,2,3,0
2,162,2,4,0
2,162,2,5,0
2,162,2,6,1
2,163,2,1,0
2,163,2,2,0
2,163,2,3,0
2,163,2,4,0
2,163,2,5,0
2,163,2,6,0
2,163,2,7,1
2,164,1,1,0
2,164,1,2,0
2,164,1,3,0
2,164,1,4,1
2,165,1,1,0
2,165,1,2,0
2,165,1,3,0
2,165,1,4,0
2,165,1,5,0
2,165,1,6,0
2,165,1,7,1
2,166,3,1,0
2,166,3,2,0
2,166,3,3,0
2,166,3,4,0
2,166,3,5,0
2,166,3,6,0
2,166,3,7,1
2,167,2,1,0
2,167,2,2,0
2,167,2,3,0
2,167,2,4,0
2,167,2,5,0
2,167,2,6,1
2,168,2,1,0
2,168,2,2,0
2,168,2,3,0
2,168,2,4,0
2,168,2,5,0
2,168,2,6,0
2,168,2,7,0
2,168,2,8,0
2,169,3,1,0
2,169,3,2,0
2,169,3,3,0
2,169,3,4,0
2,169,3,5,0
2,169,3,6,0
2,169,3,7,0
2,169,3,8,0
2,170,3,1,0
2,170,3,2,0
2,170,3,3,0
2,170,3,4,0
2,170,3,5,0
2,170,3,6,1
2,171,3,1,0
2,171,3,2,0
2,171,3,3,0
2,171,3,4,0
2,171,3,5,0
2,171,3,6,1
2,172,1,1,0
2,172,1,2,0
2,172,1,3,1
2,173,1,1,0
2,173,1,2,0
2,173,1,3,0
2,173,1,4,0
2,173,1,5,0
2,173,1,6,0
2,173,1,7,0
2,173,1,8,1
2,174,2,1,0
2,174,2,2,0
2,174,2,3,0
2,174,2,4,1
2,175,3,1,0
2,175,3,2,0
2,175,3,3,0
2,175,3,4,0
2,175,3,5,0
2,175,3,6,0
2,175,3,7,1
2,176,1,1,0
2,176,1,2,0
2,176,1,3,0
2,176,1,4,0
2,176,1,5,1
2,177,1,1,0
2,177,1,2,0
2,177,1,3,0
2,177,1,4,0
2,177,1,5,1
2,178,1,1,0
2,178,1,2,0
2,178,1,3,0
2,178,1,4,1
2,179,2,1,0
2,179,2,2,0
2,179,2,3,0
2,179,2,4,0
2,179,2,5,0
2,179,2,6,0
2,179,2,7,1
2,180,2,1,0
2,180,2,2,0
2,180,2,3,0
2,180,2,4,0
2,180,2,5,0
2,180,2,6,0
2,180,2,7,0
2,180,2,8,1
2,181,3,1,0
2,181,3,2,0
2,181,3,3,0
2,181,3,4,0
2,181,3,5,0
2,181,3,6,1
2,182,1,1,0
2,182,1,2,0
2,182,1,3,0
2,182,1,4,0
2,182,1,5,0
2,182,1,6,1
2,183,3,1,0
2,183,3,2,0
2,183,3,3,0
2,183,3,4,0
2,183,3,5,0
2,183,3,6,0
2,183,3,7,1
2,184,3,1,0
2,184,3,2,0
2,184,3,3,0
2,184,3,4,0
2,184,3,5,0
2,184,3,6,0
2,184,3,7,1
2,185,3,1,0
2,185,3,2,0
2,185,3,3,0
2,185,3,4,0
2,185,3,5,0
2,185,3,6,1
2,186,1,1,0
2,186,1,2,0
2,186,1,3,0
2,186,1,4,0
2,186,1,5,1
2,187,2,1,0
2,187,2,2,0
2,187,2,3,0
2,187,2,4,0
2,187,2,5,0
2,187,2,6,0
2,187,2,7,1
2,188,1,1,0
2,188,1,2,0
2,188,1,3,0
2,188,1,4,0
2,188,1,5,0
2,188,1,6,0
2,188,1,7,0
2,188,1,8,1
2,189,2,1,0
2,189,2,2,0
2,189,2,3,0
2,189,2,4,0
2,189,2,5,0
2,189,2,6,0
2,189,2,7,0
2,189,2,8,0
2,190,1,1,0
2,190,1,2,0
2,190,1,3,0
2,190,1,4,0
2,190,1,5,1
2,191,3,1,0
2,191,3,2,0
2,191,3,3,0
2,191,3,4,0
2,191,3,5,0
2,191,3,6,1
2,192,2,1,0
2,192,2,2,0
2,192,2,3,0
2,192,2,4,0
2,192,2,5,0
2,192,2,6,0
2,192,2,7,1
2,193,3,1,0
2,193,3,2,0
2,193,3,3,0
2,193,3,4,0
2,193,3,5,1
2,194,1,1,0
2,194,1,2,0
2,194,1,3,0
2,194,1,4,1
2,195,3,1,0
2,195,3,2,0
2,195,3,3,0
2,195,3,4,0
2,195,3,5,0
2,195,3,6,0
2,195,3,7,0
2,195,3,8,0
2,196,2,1,0
2,196,2,2,0
2,196,2,3,0
2,196,2,4,0
2,196,2,5,0
2,196,2,6,0
2,196,2,7,1
2,197,1,1,0
2,197,1,2,0
2,197,1,3,0
2,197,1,4,0
2,197,1,5,0
2,197,1,6,0
2,197,1,7,1
2,198,1,1,0
2,198,1,2,0
2,198,1,3,0
2,198,1,4,0
2,198,1,5,0
2,198,1,6,0
2,198,1,7,1
2,199,3,1,0
2,199,3,2,0
2,199,3,3,0
2,199,3,4,0
2,199,3,5,1
2,200,3,1,0
2,200,3,2,0
2,200,3,3,0
2,200,3,4,0
2,200,3,5,0
2,200,3,6,0
2,200,3,7,1
2,201,1,1,0
2,201,1,2,0
2,201,1,3,0
2,201,1,4,0
2,201,1,5,0
2,201,1,6,0
2,201,1,7,0
2,201,1,8,0
2,202,3,1,0
2,202,3,2,0
2,202,3,3,0
2,202,3,4,0
2,202,3,5,0
2,202,3,6,0
2,202,3,7,0
2,202,3,8,1
2,203,3,1,0
2,203,3,2,0
2,203,3,3,0
2,203,3,4,0
2,203,3,5,0
2,203,3,6,0
2,203,3,7,1
2,204,1,1,0
2,204,1,2,0
2,204,1,3,0
2,204,1,4,0
2,204,1,5,0
2,204,1,6,0
2,204,1,7,0
2,204,1,8,1
2,205,1,1,0
2,205,1,2,0
2,205,1,3,0
2,205,1,4,0
2,205,1,5,0
2,205,1,6,0
2,205,1,7,1
2,206,1,1,0
2,206,1,2,0
2,206,1,3,0
2,206,1,4,0
2,206,1,5,0
2,206,1,6,0
2,206,1,7,1
2,207,1,1,0
2,207,1,2,0
2,207,1,3,0
2,207,1,4,0
2,207,1,5,1
2,208,3,1,0
2,208,3,2,0
2,208,3,3,0
2,208,3,4,0
2,208,3,5,0
2,208,3,6,0
2,208,3,7,0
2,208,3,8,0
2,209,1,1,0
2,209,1,2,0
2,209,1,3,0
2,209,1,4,0
2,209,1,5,0
2,209,1,6,0
2,209,1,7,0
2,209,1,8,0
2,210,3,1,0
2,210,3,2,0
2,210,3,3,0
2,210,3,4,0
2,210,3,5,0
2,210,3,6,0
2,210,3,7,1
2,211,3,1,0
2,211,3,2,0
2,211,3,3,0
2,211,3,4,0
2,211,3,5,0
2,211,3,6,1
2,212,1,1,0
2,212,1,2,0
2,212,1,3,0
2,212,1,4,0
2,212,1,5,0
2,212,1,6,0
2,212,1,7,0
2,212,1,8,0
2,213,2,1,0
2,213,2,2,0
2,213,2,3,0
2,213,2,4,0
2,213,2,5,1
2,214,3,1,0
2,214,3,2,0
2,214,3,3,0
2,214,3,4,0
2,214,3,5,0
2,214,3,6,0
2,214,3,7,0
2,214,3,8,0
2,215,2,1,0
2,215,2,2,0
2,215,2,3,0
2,215,2,4,0
2,215,2,5,0
2,215,2,6,0
2,215,2,7,1
2,216,1,1,0
2,216,1,2,0
2,216,1,3,0
2,216,1,4,0
2,216,1,5,1
2,217,3,1,0
2,217,3,2,0
2,217,3,3,0
2,217,3,4,0
2,217,3,5,0
2,217,3,6,0
2,217,3,7,1
2,218,1,1,0
2,218,1,2,0
2,218,1,3,1
2,219,1,1,0
2,219,1,2,0
2,219,1,3,0
2,219,1,4,0
2,219,1,5,0
2,219,1,6,0
2,219,1,7,0
2,219,1,8,1
2,220,2,1,0
2,220,2,2,0
2,220,2,3,0
2,220,2,4,0
2,220,2,5,0
2,220,2,6,1
2,221,2,1,0
2,221,2,2,0
2,221,2,3,0
2,221,2,4,0
2,221,2,5,0
2,221,2,6,1
2,222,3,1,0
2,222,3,2,0
2,222,3,3,0
2,222,3,4,0
2,222,3,5,0
2,222,3,6,0
2,222,3,7,0
2,222,3,8,0
2,223,3,1,0
2,223,3,2,0
2,223,3,3,0
2,223,3,4,0
2,223,3,5,0
2,223,3,6,1
2,224,2,1,0
2,224,2,2,0
2,224,2,3,0
2,224,2,4,1
2,225,2,1,0
2,225,2,2,0
2,225,2,3,0
2,225,2,4,0
2,225,2,5,0
2,225,2,6,1
2,226,3,1,0
2,226,3,2,0
2,226,3,3,0
2,226,3,4,0
2,226,3,5,0
2,226,3,6,1
2,227,3,1,0
2,227,3,2,0
2,227,3,3,0
2,227,3,4,0
2,227,3,5,1
2,228,2,1,0
2,228,2,2,0
2,228,2,3,0
2,228,2,4,0
2,228,2,5,0
2,228,2,6,0
2,228,2,7,1
2,229,2,1,0
2,229,2,2,0
2,229,2,3,0
2,229,2,4,0
2,229,2,5,0
2,229,2,6,0
2,229,2,7,0
2,229,2,8,1
2,230,3,1,0
2,230,3,2,0
2,230,3,3,0
2,230,3,4,0
2,230,3,5,1
2,231,1,1,0
2,231,1,2,0
2,231,1,3,0
2,231,1,4,0
2,231,1,5,0
2,231,1,6,0
2,231,1,7,1
2,232,3,1,0
2,232,3,2,0
2,232,3,3,0
2,232,3,4,0
2,232,3,5,0
2,232,3,6,0
2,232,3,7,1
2,233,3,1,0
2,233,3,2,0
2,233,3,3,0
2,233,3,4,0
2,233,3,5,0
2,233,3,6,0
2,233,3,7,1
2,234,2,1,0
2,234,2,2,0
2,234,2,3,1
2,235,3,1,0
2,235,3,2,0
2,235,3,3,0
2,235,3,4,0
2,235,3,5,0
2,235,3,6,0
2,235,3,7,0
2,235,3,8,1
2,236,2,1,0
2,236,2,2,0
2,236,2,3,0
2,236,2,4,1
2,237,3,1,0
2,237,3,2,0
2,237,3,3,0
2,237,3,4,0
2,237,3,5,1
2,238,1,1,0
2,238,1,2,0
2,238,1,3,0
2,238,1,4,0
2,238,1,5,0
2,238,1,6,0
2,238,1,7,0
2,238,1,8,0
2,239,3,1,0
2,239,3,2,0
2,239,3,3,0
2,239,3,4,0
2,239,3,5,0
2,239,3,6,0
2,239,3,7,1
2,240,2,1,0
2,240,2,2,0
2,240,2,3,0
2,240,2,4,0
2,240,2,5,1
2,241,1,1,0
2,241,1,2,0
2,241,1,3,0
2,241,1,4,0
2,241,1,5,0
2,241,1,6,0
2,241,1,7,1
2,242,3,1,0
2,242,3,2,0
2,242,3,3,0
2,242,3,4,0
2,242,3,5,0
2,242,3,6,1
2,243,3,1,0
2,243,3,2,0
2,243,3,3,0
2,243,3,4,0
2,243,3,5,0
2,243,3,6,0
2,243,3,7,0
2,243,3,8,1
2,244,1,1,0
2,244,1,2,0
2,244,1,3,0
2,244,1,4,0
2,244,1,5,0
2,244,1,6,1
2,245,1,1,0
2,245,1,2,0
2,245,1,3,0
2,245,1,4,0
2,245,1,5,0
2,245,1,6,0
2,245,1,7,0
2,245,1,8,1
2,246,2,1,0
2,246,2,2,0
2,246,2,3,0
2,246,2,4,0
2,246,2,5,0
2,246,2,6,0
2,246,2,7,0
2,246,2,8,1
2,247,1,1,0
2,247,1,2,0
2,247,1,3,0
2,247,1,4,0
2,247,1,5,1
2,248,3,1,0
2,248,3,2,0
2,248,3,3,0
2,248,3,4,0
2,248,3,5,0
2,248,3,6,1
2,249,1,1,0
2,249,1,2,0
2,249,1,3,0
2,249,1,4,0
2,249,1,5,0
2,249,1,6,1
2,250,1,1,0
2,250,1,2,0
2,250,1,3,0
2,250,1,4,0
2,250,1,5,0
2,250,1,6,0
2,250,1,7,0
2,250,1,8,0
2,251,1,1,0
2,251,1,2,0
2,251,1,3,0
2,251,1,4,0
2,251,1,5,1
2,252,2,1,0
2,252,2,2,0
2,252,2,3,0
2,252,2,4,0
2,252,2,5,0
2,252,2,6,0
2,252,2,7,0
2,252,2,8,1
2,253,1,1,0
2,253,1,2,0
2,253,1,3,0
2,253,1,4,0
2,253,1,5,1
2,254,1,1,0
2,254,1,2,0
2,254,1,3,0
2,254,1,4,0
2,254,1,5,0
2,254,1,6,0
2,254,1,7,0
2,254,1,8,0
2,255,1,1,0
2,255,1,2,0
2,255,1,3,0
2,255,1,4,0
2,255,1,5,1
2,256,1,1,0
2,256,1,2,0
2,256,1,3,0
2,256,1,4,0
2,256,1,5,0
2,256,1,6,0
2,256,1,7,0
2,256,1,8,1
2,257,2,1,0
2,257,2,2,0
2,257,2,3,0
2,257,2,4,0
2,257,2,5,1
2,258,1,1,0
2,258,1,2,0
2,258,1,3,0
2,258,1,4,0
2,258,1,5,0
2,258,1,6,0
2,258,1,7,1
2,259,1,1,0
2,259,1,2,0
2,259,1,3,0
2,259,1,4,1
2,260,3,1,0
2,260,3,2,0
2,260,3,3,1
2,261,3,1,0
2,261,3,2,0
2,261,3,3,0
2,261,3,4,0
2,261,3,5,0
2,261,3,6,0
2,261,3,7,1
2,262,3,1,0
2,262,3,2,0
2,262,3,3,0
2,262,3,4,0
2,262,3,5,1
2,263,2,1,0
2,263,2,2,0
2,263,2,3,0
2,263,2,4,0
2,263,2,5,0
2,263,2,6,1
2,264,2,1,0
2,264,2,2,0
2,264,2,3,0
2,264,2,4,0
2,264,2,5,0
2,264,2,6,0
2,264,2,7,0
2,264,2,8,0
2,265,2,1,0
2,265,2,2,0
2,265,2,3,0
2,265,2,4,0
2,265,2,5,0
2,265,2,6,0
2,265,2,7,0
2,265,2,8,1
2,266,2,1,0
2,266,2,2,0
2,266,2,3,0
2,266,2,4,0
2,266,2,5,0
2,266,2,6,1
2,267,1,1,0
2,267,1,2,0
2,267,1,3,0
2,267,1,4,0
2,267,1,5,0
2,267,1,6,0
2,267,1,7,0
2,267,1,8,0
2,268,2,1,0
2,268,2,2,0
2,268,2,3,0
2,268,2,4,0
2,268,2,5,0
2,268,2,6,0
2,268,2,7,1
2,269,2,1,0
2,269,2,2,0
2,269,2,3,0
2,269,2,4,0
2,269,2,5,0
2,269,2,6,0
2,269,2,7,1
2,270,3,1,0
2,270,3,2,0
2,270,3,3,0
2,270,3,4,0
2,270,3,5,0
2,270,3,6,0
2,270,3,7,0
2,270,3,8,0
2,271,3,1,0
2,271,3,2,0
2,271,3,3,0
2,271,3,4,1
2,272,1,1,0
2,272,1,2,0
2,272,1,3,0
2,272,1,4,0
2,272,1,5,0
2,272,1,6,0
2,272,1,7,0
2,272,1,8,0
2,273,1,1,0
2,273,1,2,0
2,273,1,3,0
2,273,1,4,0
2,273,1,5,0
2,273,1,6,1
2,274,2,1,0
2,274,2,2,0
2,274,2,3,0
2,274,2,4,0
2,274,2,5,0
2,274,2,6,0
2,274,2,7,0
2,274,2,8,0
2,275,3,1,0
2,275,3,2,0
2,275,3,3,0
2,275,3,4,1
2,276,3,1,0
2,276,3,2,0
2,276,3,3,0
2,276,3,4,0
2,276,3,5,0
2,276,3,6,0
2,276,3,7,0
2,276,3,8,0
2,277,3,1,0
2,277,3,2,0
2,277,3,3,0
2,277,3,4,0
2,277,3,5,0
2,277,3,6,0
2,277,3,7,1
2,278,2,1,0
2,278,2,2,0
2,278,2,3,0
2,278,2,4,0
2,278,2,5,0
2,278,2,6,1
2,279,2,1,0
2,279,2,2,0
2,279,2,3,0
2,279,2,4,0
2,279,2,5,0
2,279,2,6,0
2,279,2,7,1
2,280,3,1,0
2,280,3,2,0
2,280,3,3,0
2,280,3,4,0
2,280,3,5,0
2,280,3,6,0
2,280,3,7,1
2,281,1,1,0
2,281,1,2,0
2,281,1,3,0
2,281,1,4,0
2,281,1,5,0
2,281,1,6,0
2,281,1,7,1
2,282,1,1,0
2,282,1,2,0
2,282,1,3,0
2,282,1,4,0
2,282,1,5,0
2,282,1,6,0
2,282,1,7,1
2,283,1,1,0
2,283,1,2,0
2,283,1,3,0
2,283,1,4,0
2,283,1,5,1
2,284,3,1,0
2,284,3,2,0
2,284,3,3,0
2,284,3,4,0
2,284,3,5,0
2,284,3,6,0
2,284,3,7,0
2,284,3,8,0
2,285,1,1,0
2,285,1,2,0
2,285,1,3,0
2,285,1,4,0
2,285,1,5,0
2,285,1,6,0
2,285,1,7,0
2,285,1,8,0
2,286,2,1,0
2,286,2,2,0
2,286,2,3,0
2,286,2,4,0
2,286,2,5,1
2,287,3,1,0
2,287,3,2,0
2,287,3,3,0
2,287,3,4,0
2,287,3,5,0
2,287,3,6,0
2,287,3,7,1
2,288,1,1,0
2,288,1,2,0
2,288,1,3,0
2,288,1,4,0
2,288,1,5,0
2,288,1,6,1
2,289,3,1,0
2,289,3,2,0
2,289,3,3,0
2,289,3,4,0
2,289,3,5,0
2,289,3,6,0
2,289,3,7,0
2,289,3,8,1
2,290,3,1,0
2,290,3,2,0
2,290,3,3,1
2,291,3,1,0
2,291,3,2,0
2,291,3,3,0
2,291,3,4,1
2,292,1,1,0
2,292,1,2,0
2,292,1,3,0
2,292,1,4,1
2,293,2,1,0
2,293,2,2,0
2,293,2,3,0
2,293,2,4,1
2,294,2,1,0
2,294,2,2,0
2,294,2,3,0
2,294,2,4,0
2,294,2,5,0
2,294,2,6,0
2,294,2,7,0
2,294,2,8,1
2,295,1,1,0
2,295,1,2,0
2,295,1,3,0
2,295,1,4,0
2,295,1,5,1
2,296,1,1,0
2,296,1,2,0
2,296,1,3,0
2,296,1,4,0
2,296,1,5,0
2,296,1,6,0
2,296,1,7,1
2,297,3,1,0
2,297,3,2,0
2,297,3,3,0
2,297,3,4,0
2,297,3,5,0
2,297,3,6,1
2,298,3,1,0
2,298,3,2,0
2,298,3,3,1
2,299,2,1,0
2,299,2,2,0
2,299,2,3,0
2,299,2,4,0
2,299,2,5,0
2,299,2,6,0
2,299,2,7,1
2,300,3,1,0
2,300,3,2,0
2,300,3,3,0
2,300,3,4,1
3,1,1,1,0
3,1,1,2,0
3,1,1,3,0
3,1,1,4,1
3,2,3,1,0
3,2,3,2,0
3,2,3,3,0
3,2,3,4,0
3,2,3,5,0
3,2,3,6,0
3,2,3,7,0
3,2,3,8,0
3,3,1,1,0
3,3,1,2,0
3,3,1,3,0
3,3,1,4,0
3,3,1,5,0
3,3,1,6,0
3,3,1,7,0
3,3,1,8,1
3,4,1,1,0
3,4,1,2,0
3,4,1,3,0
3,4,1,4,0
3,4,1,5,0
3,4,1,6,1
3,5,3,1,0
3,5,3,2,0
3,5,3,3,0
3,5,3,4,0
3,5,3,5,0
3,5,3,6,0
3,5,3,7,0
3,5,3,8,1
3,6,1,1,0
3,6,1,2,0
3,6,1,3,0
3,6,1,4,0
3,6,1,5,0
3,6,1,6,0
3,6,1,7,0
3,6,1,8,0
3,7,3,1,0
3,7,3,2,0
3,7,3,3,0
3,7,3,4,0
3,7,3,5,0
3,7,3,6,1
3,8,2,1,0
3,8,2,2,0
3,8,2,3,0
3,8,2,4,0
3,8,2,5,1
3,9,3,1,0
3,9,3,2,0
3,9,3,3,0
3,9,3,4,0
3,9,3,5,0
3,9,3,6,0
3,9,3,7,1
3,10,2,1,0
3,10,2,2,0
3,10,2,3,0
3,10,2,4,0
3,10,2,5,0
3,10,2,6,0
3,10,2,7,0
3,10,2,8,1
3,11,2,1,0
3,11,2,2,0
3,11,2,3,1
3,12,2,1,0
3,12,2,2,0
3,12,2,3,0
3,12,2,4,1
3,13,3,1,0
3,13,3,2,0
3,13,3,3,0
3,13,3,4,0
3,13,3,5,0
3,13,3,6,0
3,13,3,7,0
3,13,3,8,0
3,14,3,1,0
3,14,3,2,0
3,14,3,3,0
3,14,3,4,1
3,15,3,1,0
3,15,3,2,0
3,15,3,3,0
3,15,3,4,0
3,15,3,5,0
3,15,3,6,0
3,15,3,7,0
3,15,3,8,0
3,16,3,1,0
3,16,3,2,0
3,16,3,3,0
3,16,3,4,0
3,16,3,5,0
3,16,3,6,0
3,16,3,7,1
3,17,1,1,0
3,17,1,2,0
3,17,1,3,0
3,17,1,4,0
3,17,1,5,0
3,17,1,6,1
3,18,2,1,0
3,18,2,2,0
3,18,2,3,0
3,18,2,4,0
3,18,2,5,1
3,19,1,1,0
3,19,1,2,0
3,19,1,3,0
3,19,1,4,0
3,19,1,5,0
3,19,1,6,0
3,19,1,7,0
3,19,1,8,0
3,20,3,1,0
3,20,3,2,0
3,20,3,3,0
3,20,3,4,1
3,21,3,1,0
3,21,3,2,0
3,21,3,3,0
3,21,3,4,0
3,21,3,5,0
3,21,3,6,0
3,21,3,7,1
3,22,3,1,0
3,22,3,2,0
3,22,3,3,1
3,23,3,1,0
3,23,3,2,0
3,23,3,3,0
3,23,3,4,0
3,23,3,5,0
3,23,3,6,0
3,23,3,7,0
3,23,3,8,1
3,24,1,1,0
3,24,1,2,1
3,25,2,1,0
3,25,2,2,0
3,25,2,3,0
3,25,2,4,1
3,26,2,1,0
3,26,2,2,0
3,26,2,3,1
3,27,1,1,0
3,27,1,2,0
3,27,1,3,1
3,28,1,1,0
3,28,1,2,0
3,28,1,3,0
3,28,1,4,0
3,28,1,5,1
3,29,1,1,0
3,29,1,2,0
3,29,1,3,0
3,29,1,4,1
3,30,2,1,0
3,30,2,2,0
3,30,2,3,0
3,30,2,4,0
3,30,2,5,0
3,30,2,6,0
3,30,2,7,0
3,30,2,8,0
3,31,3,1,0
3,31,3,2,0
3,31,3,3,0
3,31,3,4,0
3,31,3,5,0
3,31,3,6,0
3,31,3,7,1
3,32,2,1,0
3,32,2,2,0
3,32,2,3,0
3,32,2,4,1
3,33,1,1,0
3,33,1,2,0
3,33,1,3,0
3,33,1,4,0
3,33,1,5,0
3,33,1,6,1
3,34,2,1,0
3,34,2,2,0
3,34,2,3,0
3,34,2,4,0
3,34,2,5,1
3,35,3,1,0
3,35,3,2,0
3,35,3,3,1
3,36,3,1,0
3,36,3,2,0
3,36,3,3,0
3,36,3,4,0
3,36,3,5,0
3,36,3,6,0
3,36,3,7,1
3,37,2,1,0
3,37,2,2,0
3,37,2,3,0
3,37,2,4,1
3,38,2,1,0
3,38,2,2,0
3,38,2,3,0
3,38,2,4,0
3,38,2,5,1
3,39,3,1,0
3,39,3,2,0
3,39,3,3,0
3,39,3,4,0
3,39,3,5,1
3,40,1,1,0
3,40,1,2,0
3,40,1,3,0
3,40,1,4,0
3,40,1,5,1
3,41,1,1,0
3,41,1,2,0
3,41,1,3,0
3,41,1,4,0
3,41,1,5,0
3,41,1,6,0
3,41,1,7,0
3,41,1,8,0
3,42,3,1,0
3,42,3,2,0
3,42,3,3,0
3,42,3,4,1
3,43,2,1,0
3,43,2,2,0
3,43,2,3,0
3,43,2,4,1
3,44,2,1,0
3,44,2,2,0
3,44,2,3,0
3,44,2,4,0
3,44,2,5,0
3,44,2,6,1
3,45,2,1,0
3,45,2,2,0
3,45,2,3,0
3,45,2,4,0
3,45,2,5,0
3,45,2,6,0
3,45,2,7,1
3,46,1,1,0
3,46,1,2,0
3,46,1,3,0
3,46,1,4,1
3,47,2,1,0
3,47,2,2,0
3,47,2,3,0
3,47,2,4,0
3,47,2,5,0
3,47,2,6,0
3,47,2,7,0
3,47,2,8,0
3,48,1,1,0
3,48,1,2,0
3,48,1,3,0
3,48,1,4,0
3,48,1,5,0
3,48,1,6,1
3,49,2,1,0
3,49,2,2,0
3,49,2,3,0
3,49,2,4,0
3,49,2,5,0
3,49,2,6,0
3,49,2,7,1
3,50,2,1,0
3,50,2,2,0
3,50,2,3,0
3,50,2,4,0
3,50,2,5,0
3,50,2,6,0
3,50,2,7,0
3,50,2,8,1
3,51,3,1,0
3,51,3,2,0
3,51,3,3,0
3,51,3,4,0
3,51,3,5,0
3,51,3,6,0
3,51,3,7,1
3,52,2,1,0
3,52,2,2,0
3,52,2,3,0
3,52,2,4,0
3,52,2,5,0
3,52,2,6,0
3,52,2,7,1
3,53,2,1,0
3,53,2,2,0
3,53,2,3,0
3,53,2,4,0
3,53,2,5,1
3,54,1,1,0
3,54,1,2,0
3,54,1,3,0
3,54,1,4,0
3,54,1,5,0
3,54,1,6,0
3,54,1,7,1
3,55,3,1,0
3,55,3,2,0
3,55,3,3,0
3,55,3,4,0
3,55,3,5,0
3,55,3,6,1
3,56,1,1,0
3,56,1,2,0
3,56,1,3,0
3,56,1,4,0
3,56,1,5,0
3,56,1,6,0
3,56,1,7,0
3,56,1,8,1
3,57,2,1,0
3,57,2,2,0
3,57,2,3,0
3,57,2,4,0
3,57,2,5,0
3,57,2,6,0
3,57,2,7,0
3,57,2,8,0
3,58,2,1,0
3,58,2,2,0
3,58,2,3,0
3,58,2,4,0
3,58,2,5,1
3,59,1,1,0
3,59,1,2,1
3,60,3,1,0
3,60,3,2,1
3,61,2,1,0
3,61,2,2,0
3,61,2,3,0
3,61,2,4,0
3,61,2,5,0
3,61,2,6,0
3,61,2,7,0
3,61,2,8,0
3,62,1,1,0
3,62,1,2,0
3,62,1,3,0
3,62,1,4,0
3,62,1,5,1
3,63,2,1,0
3,63,2,2,0
3,63,2,3,0
3,63,2,4,0
3,63,2,5,1
3,64,1,1,0
3,64,1,2,0
3,64,1,3,0
3,64,1,4,0
3,64,1,5,0
3,64,1,6,0
3,64,1,7,0
3,64,1,8,0
3,65,2,1,0
3,65,2,2,0
3,65,2,3,0
3,65,2,4,1
3,66,2,1,0
3,66,2,2,0
3,66,2,3,0
3,66,2,4,0
3,66,2,5,0
3,66,2,6,0
3,66,2,7,0
3,66,2,8,0
3,67,2,1,0
3,67,2,2,0
3,67,2,3,0
3,67,2,4,1
3,68,3,1,0
3,68,3,2,0
3,68,3,3,1
3,69,1,1,0
3,69,1,2,0
3,69,1,3,0
3,69,1,4,0
3,69,1,5,0
3,69,1,6,0
3,69,1,7,0
3,69,1,8,0
3,70,3,1,0
3,70,3,2,0
3,70,3,3,0
3,70,3,4,0
3,70,3,5,0
3,70,3,6,0
3,70,3,7,0
3,70,3,8,0
3,71,1,1,0
3,71,1,2,0
3,71,1,3,0
3,71,1,4,0
3,71,1,5,0
3,71,1,6,1
3,72,1,1,0
3,72,1,2,0
3,72,1,3,0
3,72,1,4,0
3,72,1,5,0
3,72,1,6,1
3,73,2,1,0
3,73,2,2,0
3,73,2,3,0
3,73,2,4,0
3,73,2,5,1
3,74,2,1,0
3,74,2,2,0
3,74,2,3,0
3,74,2,4,0
3,74,2,5,1
3,75,2,1,0
3,75,2,2,0
3,75,2,3,0
3,75,2,4,0
3,75,2,5,0
3,75,2,6,0
3,75,2,7,1
3,76,2,1,0
3,76,2,2,0
3,76,2,3,0
3,76,2,4,0
3,76,2,5,0
3,76,2,6,0
3,76,2,7,0
3,76,2,8,0
3,77,3,1,1
3,78,2,1,0
3,78,2,2,0
3,78,2,3,0
3,78,2,4,0
3,78,2,5,0
3,78,2,6,0
3,78,2,7,1
3,79,3,1,0
3,79,3,2,0
3,79,3,3,0
3,79,3,4,0
3,79,3,5,0
3,79,3,6,0
3,79,3,7,1
3,80,3,1,0
3,80,3,2,0
3,80,3,3,0
3,80,3,4,0
3,80,3,5,1
3,81,3,1,0
3,81,3,2,0
3,81,3,3,0
3,81,3,4,0
3,81,3,5,0
3,81,3,6,0
3,81,3,7,0
3,81,3,8,1
3,82,3,1,0
3,82,3,2,0
3,82,3,3,0
3,82,3,4,1
3,83,2,1,0
3,83,2,2,0
3,83,2,3,0
3,83,2,4,0
3,83,2,5,0
3,83,2,6,1
3,84,3,1,0
3,84,3,2,0
3,84,3,3,0
3,84,3,4,0
3,84,3,5,1
3,85,2,1,0
3,85,2,2,0
3,85,2,3,0
3,85,2,4,0
3,85,2,5,0
3,85,2,6,0
3,85,2,7,0
3,85,2,8,1
3,86,1,1,0
3,86,1,2,0
3,86,1,3,0
3,86,1,4,0
3,86,1,5,0
3,86,1,6,0
3,86,1,7,0
3,86,1,8,1
3,87,2,1,0
3,87,2,2,0
3,87,2,3,0
3,87,2,4,0
3,87,2,5,0
3,87,2,6,0
3,87,2,7,0
3,87,2,8,1
3,88,3,1,0
3,88,3,2,0
3,88,3,3,0
3,88,3,4,1
3,89,3,1,0
3,89,3,2,0
3,89,3,3,0
3,89,3,4,0
3,89,3,5,0
3,89,3,6,1
3,90,3,1,0
3,90,3,2,0
3,90,3,3,0
3,90,3,4,0
3,90,3,5,0
3,90,3,6,0
3,90,3,7,0
3,90,3,8,1
3,91,1,1,0
3,91,1,2,0
3,91,1,3,0
3,91,1,4,0
3,91,1,5,0
3,91,1,6,0
3,91,1,7,0
3,91,1,8,1
3,92,2,1,1
3,93,2,1,0
3,93,2,2,0
3,93,2,3,0
3,93,2,4,0
3,93,2,5,0
3,93,2,6,0
3,93,2,7,1
3,94,2,1,0
3,94,2,2,0
3,94,2,3,0
3,94,2,4,0
3,94,2,5,0
3,94,2,6,0
3,94,2,7,0
3,94,2,8,1
3,95,2,1,0
3,95,2,2,0
3,95,2,3,0
3,95,2,4,0
3,95,2,5,0
3,95,2,6,0
3,95,2,7,1
3,96,2,1,0
3,96,2,2,0
3,96,2,3,1
3,97,3,1,0
3,97,3,2,1
3,98,3,1,0
3,98,3,2,0
3,98,3,3,0
3,98,3,4,0
3,98,3,5,0
3,98,3,6,0
3,98,3,7,1
3,99,3,1,0
3,99,3,2,0
3,99,3,3,0
3,99,3,4,1
3,100,1,1,0
3,100,1,2,0
3,100,1,3,0
3,100,1,4,0
3,100,1,5,0
3,100,1,6,0
3,100,1,7,1
3,101,3,1,0
3,101,3,2,0
3,101,3,3,0
3,101,3,4,0
3,101,3,5,0
3,101,3,6,0
3,101,3,7,0
3,101,3,8,1
3,102,2,1,0
3,102,2,2,0
3,102,2,3,0
3,102,2,4,1
3,103,2,1,0
3,103,2,2,0
3,103,2,3,0
3,103,2,4,0
3,103,2,5,0
3,103,2,6,0
3,103,2,7,1
3,104,3,1,0
3,104,3,2,0
3,104,3,3,0
3,104,3,4,0
3,104,3,5,0
3,104,3,6,0
3,104,3,7,1
3,105,1,1,0
3,105,1,2,0
3,105,1,3,1
3,106,2,1,0
3,106,2,2,0
3,106,2,3,0
3,106,2,4,0
3,106,2,5,0
3,106,2,6,1
3,107,2,1,0
3,107,2,2,0
3,107,2,3,0
3,107,2,4,0
3,107,2,5,0
3,107,2,6,0
3,107,2,7,0
3,107,2,8,0
3,108,2,1,0
3,108,2,2,0
3,108,2,3,0
3,108,2,4,0
3,108,2,5,0
3,108,2,6,0
3,108,2,7,0
3,108,2,8,1
3,109,3,1,0
3,109,3,2,0
3,109,3,3,1
3,110,3,1,0
3,110,3,2,0
3,110,3,3,0
3,110,3,4,1
3,111,2,1,0
3,111,2,2,0
3,111,2,3,0
3,111,2,4,0
3,111,2,5,0
3,111,2,6,0
3,111,2,7,1
3,112,3,1,0
3,112,3,2,0
3,112,3,3,0
3,112,3,4,0
3,112,3,5,0
3,112,3,6,0
3,112,3,7,1
3,113,3,1,0
3,113,3,2,0
3,113,3,3,0
3,113,3,4,0
3,113,3,5,1
3,114,1,1,0
3,114,1,2,0
3,114,1,3,0
3,114,1,4,1
3,115,1,1,0
3,115,1,2,0
3,115,1,3,0
3,115,1,4,0
3,115,1,5,0
3,115,1,6,1
3,116,1,1,0
3,116,1,2,0
3,116,1,3,0
3,116,1,4,0
3,116,1,5,0
3,116,1,6,0
3,116,1,7,0
3,116,1,8,0
3,117,3,1,0
3,117,3,2,0
3,117,3,3,0
3,117,3,4,0
3,117,3,5,0
3,117,3,6,0
3,117,3,7,1
3,118,3,1,0
3,118,3,2,0
3,118,3,3,0
3,118,3,4,0
3,118,3,5,0
3,118,3,6,1
3,119,3,1,0
3,119,3,2,0
3,119,3,3,0
3,119,3,4,0
3,119,3,5,0
3,119,3,6,1
3,120,1,1,0
3,120,1,2,0
3,120,1,3,0
3,120,1,4,0
3,120,1,5,0
3,120,1,6,0
3,120,1,7,1
3,121,3,1,0
3,121,3,2,0
3,121,3,3,0
3,121,3,4,0
3,121,3,5,0
3,121,3,6,0
3,121,3,7,0
3,121,3,8,1
3,122,3,1,0
3,122,3,2,0
3,122,3,3,0
3,122,3,4,0
3,122,3,5,0
3,122,3,6,0
3,122,3,7,0
3,122,3,8,0
3,123,2,1,0
3,123,2,2,0
3,123,2,3,0
3,123,2,4,0
3,123,2,5,0
3,123,2,6,0
3,123,2,7,1
3,124,2,1,0
3,124,2,2,0
3,124,2,3,0
3,124,2,4,0
3,124,2,5,0
3,124,2,6,0
3,124,2,7,1
3,125,2,1,0
3,125,2,2,0
3,125,2,3,0
3,125,2,4,0
3,125,2,5,0
3,125,2,6,0
3,125,2,7,0
3,125,2,8,1
3,126,1,1,0
3,126,1,2,0
3,126,1,3,0
3,126,1,4,0
3,126,1,5,0
3,126,1,6,0
3,126,1,7,0
3,126,1,8,0
3,127,1,1,0
3,127,1,2,0
3,127,1,3,0
3,127,1,4,0
3,127,1,5,0
3,127,1,6,0
3,127,1,7,0
3,127,1,8,1
3,128,1,1,0
3,128,1,2,0
3,128,1,3,0
3,128,1,4,0
3,128,1,5,0
3,128,1,6,1
3,129,1,1,0
3,129,1,2,1
3,130,1,1,0
3,130,1,2,0
3,130,1,3,0
3,130,1,4,1
3,131,3,1,0
3,131,3,2,0
3,131,3,3,0
3,131,3,4,0
3,131,3,5,0
3,131,3,6,0
3,131,3,7,0
3,131,3,8,0
3,132,3,1,0
3,132,3,2,0
3,132,3,3,0
3,132,3,4,0
3,132,3,5,1
3,133,3,1,0
3,133,3,2,0
3,133,3,3,0
3,133,3,4,0
3,133,3,5,1
3,134,1,1,0
3,134,1,2,0
3,134,1,3,0
3,134,1,4,0
3,134,1,5,0
3,134,1,6,0
3,134,1,7,0
3,134,1,8,1
3,135,1,1,0
3,135,1,2,0
3,135,1,3,0
3,135,1,4,0
3,135,1,5,0
3,135,1,6,0
3,135,1,7,0
3,135,1,8,1
3,136,3,1,0
3,136,3,2,0
3,136,3,3,0
3,136,3,4,0
3,136,3,5,0
3,136,3,6,0
3,136,3,7,1
3,137,3,1,0
3,137,3,2,0
3,137,3,3,0
3,137,3,4,0
3,137,3,5,0
3,137,3,6,0
3,137,3,7,0
3,137,3,8,0
3,138,2,1,0
3,138,2,2,0
3,138,2,3,0
3,138,2,4,0
3,138,2,5,0
3,138,2,6,0
3,138,2,7,1
3,139,2,1,0
3,139,2,2,0
3,139,2,3,0
3,139,2,4,0
3,139,2,5,0
3,139,2,6,0
3,139,2,7,0
3,139,2,8,1
3,140,1,1,0
3,140,1,2,0
3,140,1,3,0
3,140,1,4,0
3,140,1,5,0
3,140,1,6,0
3,140,1,7,0
3,140,1,8,1
3,141,3,1,0
3,141,3,2,0
3,141,3,3,0
3,141,3,4,0
3,141,3,5,0
3,141,3,6,0
3,141,3,7,0
3,141,3,8,1
3,142,1,1,0
3,142,1,2,0
3,142,1,3,0
3,142,1,4,0
3,142,1,5,1
3,143,2,1,0
3,143,2,2,0
3,143,2,3,0
3,143,2,4,1
3,144,2,1,0
3,144,2,2,0
3,144,2,3,0
3,144,2,4,0
3,144,2,5,1
3,145,3,1,0
3,145,3,2,0
3,145,3,3,0
3,145,3,4,0
3,145,3,5,1
3,146,3,1,0
3,146,3,2,0
3,146,3,3,0
3,146,3,4,0
3,146,3,5,0
3,146,3,6,1
3,147,1,1,0
3,147,1,2,0
3,147,1,3,0
3,147,1,4,0
3,147,1,5,1
3,148,1,1,0
3,148,1,2,0
3,148,1,3,0
3,148,1,4,0
3,148,1,5,0
3,148,1,6,0
3,148,1,7,0
3,148,1,8,1
3,149,3,1,0
3,149,3,2,0
3,149,3,3,0
3,149,3,4,0
3,149,3,5,0
3,149,3,6,1
3,150,1,1,0
3,150,1,2,0
3,150,1,3,0
3,150,1,4,0
3,150,1,5,0
3,150,1,6,1
3,151,2,1,0
3,151,2,2,0
3,151,2,3,0
3,151,2,4,0
3,151,2,5,1
3,152,3,1,0
3,152,3,2,0
3,152,3,3,0
3,152,3,4,0
3,152,3,5,0
3,152,3,6,1
3,153,3,1,0
3,153,3,2,0
3,153,3,3,0
3,153,3,4,0
3,153,3,5,0
3,153,3,6,1
3,154,2,1,0
3,154,2,2,0
3,154,2,3,0
3,154,2,4,0
3,154,2,5,0
3,154,2,6,0
3,154,2,7,0
3,154,2,8,0
3,155,3,1,0
3,155,3,2,0
3,155,3,3,0
3,155,3,4,0
3,155,3,5,0
3,155,3,6,0
3,155,3,7,0
3,155,3,8,1
3,156,1,1,0
3,156,1,2,0
3,156,1,3,0
3,156,1,4,0
3,156,1,5,1
3,157,2,1,0
3,157,2,2,0
3,157,2,3,0
3,157,2,4,0
3,157,2,5,1
3,158,1,1,0
3,158,1,2,0
3,158,1,3,0
3,158,1,4,0
3,158,1,5,0
3,158,1,6,0
3,158,1,7,0
3,158,1,8,0
3,159,3,1,0
3,159,3,2,0
3,159,3,3,0
3,159,3,4,0
3,159,3,5,0
3,159,3,6,1
3,160,3,1,0
3,160,3,2,0
3,160,3,3,0
3,160,3,4,0
3,160,3,5,0
3,160,3,6,1
3,161,1,1,0
3,161,1,2,0
3,161,1,3,0
3,161,1,4,1
3,162,2,1,0
3,162,2,2,0
3,162,2,3,0
3,162,2,4,0
3,162,2,5,0
3,162,2,6,0
3,162,2,7,0
3,162,2,8,1
3,163,2,1,0
3,163,2,2,0
3,163,2,3,0
3,163,2,4,0
3,163,2,5,1
3,164,3,1,0
3,164,3,2,0
3,164,3,3,0
3,164,3,4,0
3,164,3,5,0
3,164,3,6,0
3,164,3,7,1
3,165,1,1,0
3,165,1,2,0
3,165,1,3,0
3,165,1,4,0
3,165,1,5,1
3,166,1,1,0
3,166,1,2,0
3,166,1,3,0
3,166,1,4,0
3,166,1,5,0
3,166,1,6,0
3,166,1,7,1
3,167,1,1,0
3,167,1,2,0
3,167,1,3,0
3,167,1,4,0
3,167,1,5,0
3,167,1,6,0
3,167,1,7,1
3,168,3,1,0
3,168,3,2,0
3,168,3,3,0
3,168,3,4,0
3,168,3,5,0
3,168,3,6,0
3,168,3,7,0
3,168,3,8,0
3,169,3,1,0
3,169,3,2,0
3,169,3,3,0
3,169,3,4,0
3,169,3,5,0
3,169,3,6,0
3,169,3,7,1
3,170,1,1,0
3,170,1,2,0
3,170,1,3,0
3,170,1,4,1
3,171,1,1,0
3,171,1,2,0
3,171,1,3,0
3,171,1,4,0
3,171,1,5,0
3,171,1,6,0
3,171,1,7,0
3,171,1,8,0
3,172,1,1,0
3,172,1,2,0
3,172,1,3,0
3,172,1,4,0
3,172,1,5,1
3,173,3,1,0
3,173,3,2,0
3,173,3,3,0
3,173,3,4,0
3,173,3,5,0
3,173,3,6,0
3,173,3,7,0
3,173,3,8,0
3,174,2,1,0
3,174,2,2,0
3,174,2,3,0
3,174,2,4,0
3,174,2,5,0
3,174,2,6,0
3,174,2,7,0
3,174,2,8,1
3,175,2,1,0
3,175,2,2,0
3,175,2,3,0
3,175,2,4,0
3,175,2,5,0
3,175,2,6,0
3,175,2,7,0
3,175,2,8,0
3,176,3,1,0
3,176,3,2,0
3,176,3,3,0
3,176,3,4,0
3,176,3,5,0
3,176,3,6,0
3,176,3,7,0
3,176,3,8,0
3,177,3,1,0
3,177,3,2,0
3,177,3,3,0
3,177,3,4,0
3,177,3,5,0
3,177,3,6,1
3,178,2,1,0
3,178,2,2,0
3,178,2,3,0
3,178,2,4,0
3,178,2,5,1
3,179,3,1,0
3,179,3,2,0
3,179,3,3,0
3,179,3,4,0
3,179,3,5,0
3,179,3,6,1
3,180,2,1,0
3,180,2,2,0
3,180,2,3,0
3,180,2,4,0
3,180,2,5,0
3,180,2,6,0
3,180,2,7,0
3,180,2,8,0
3,181,2,1,0
3,181,2,2,0
3,181,2,3,0
3,181,2,4,0
3,181,2,5,1
3,182,2,1,0
3,182,2,2,0
3,182,2,3,0
3,182,2,4,1
3,183,2,1,0
3,183,2,2,0
3,183,2,3,0
3,183,2,4,0
3,183,2,5,1
3,184,1,1,0
3,184,1,2,0
3,184,1,3,0
3,184,1,4,0
3,184,1,5,0
3,184,1,6,0
3,184,1,7,1
3,185,2,1,0
3,185,2,2,0
3,185,2,3,0
3,185,2,4,0
3,185,2,5,0
3,185,2,6,1
3,186,1,1,0
3,186,1,2,0
3,186,1,3,0
3,186,1,4,1
3,187,2,1,0
3,187,2,2,0
3,187,2,3,0
3,187,2,4,0
3,187,2,5,0
3,187,2,6,1
3,188,1,1,0
3,188,1,2,0
3,188,1,3,0
3,188,1,4,0
3,188,1,5,1
3,189,2,1,0
3,189,2,2,0
3,189,2,3,0
3,189,2,4,0
3,189,2,5,1
3,190,2,1,0
3,190,2,2,0
3,190,2,3,0
3,190,2,4,0
3,190,2,5,0
3,190,2,6,0
3,190,2,7,1
3,191,1,1,0
3,191,1,2,0
3,191,1,3,0
3,191,1,4,0
3,191,1,5,0
3,191,1,6,1
3,192,3,1,0
3,192,3,2,0
3,192,3,3,0
3,192,3,4,0
3,192,3,5,0
3,192,3,6,0
3,192,3,7,0
3,192,3,8,1
3,193,3,1,0
3,193,3,2,0
3,193,3,3,0
3,193,3,4,0
3,193,3,5,0
3,193,3,6,0
3,193,3,7,0
3,193,3,8,1
3,194,1,1,0
3,194,1,2,0
3,194,1,3,0
3,194,1,4,1
3,195,2,1,0
3,195,2,2,0
3,195,2,3,0
3,195,2,4,0
3,195,2,5,0
3,195,2,6,0
3,195,2,7,0
3,195,2,8,0
3,196,2,1,0
3,196,2,2,0
3,196,2,3,0
3,196,2,4,0
3,196,2,5,0
3,196,2,6,0
3,196,2,7,0
3,196,2,8,1
3,197,2,1,0
3,197,2,2,0
3,197,2,3,0
3,197,2,4,0
3,197,2,5,1
3,198,3,1,0
3,198,3,2,0
3,198,3,3,0
3,198,3,4,0
3,198,3,5,0
3,198,3,6,0
3,198,3,7,0
3,198,3,8,0
3,199,1,1,0
3,199,1,2,0
3,199,1,3,0
3,199,1,4,0
3,199,1,5,0
3,199,1,6,0
3,199,1,7,1
3,200,1,1,0
3,200,1,2,0
3,200,1,3,0
3,200,1,4,0
3,200,1,5,0
3,200,1,6,0
3,200,1,7,0
3,200,1,8,0
3,201,3,1,0
3,201,3,2,0
3,201,3,3,0
3,201,3,4,0
3,201,3,5,0
3,201,3,6,0
3,201,3,7,1
3,202,1,1,0
3,202,1,2,0
3,202,1,3,0
3,202,1,4,0
3,202,1,5,0
3,202,1,6,0
3,202,1,7,0
3,202,1,8,0
3,203,3,1,0
3,203,3,2,0
3,203,3,3,0
3,203,3,4,0
3,203,3,5,0
3,203,3,6,0
3,203,3,7,0
3,203,3,8,0
3,204,3,1,0
3,204,3,2,0
3,204,3,3,0
3,204,3,4,0
3,204,3,5,0
3,204,3,6,1
3,205,1,1,0
3,205,1,2,0
3,205,1,3,0
3,205,1,4,0
3,205,1,5,0
3,205,1,6,0
3,205,1,7,1
3,206,1,1,0
3,206,1,2,0
3,206,1,3,0
3,206,1,4,0
3,206,1,5,0
3,206,1,6,0
3,206,1,7,0
3,206,1,8,0
3,207,2,1,0
3,207,2,2,0
3,207,2,3,1
3,208,3,1,0
3,208,3,2,0
3,208,3,3,0
3,208,3,4,0
3,208,3,5,0
3,208,3,6,0
3,208,3,7,0
3,208,3,8,1
3,209,1,1,0
3,209,1,2,0
3,209,1,3,0
3,209,1,4,0
3,209,1,5,0
3,209,1,6,1
3,210,3,1,0
3,210,3,2,0
3,210,3,3,0
3,210,3,4,0
3,210,3,5,0
3,210,3,6,0
3,210,3,7,1
3,211,2,1,0
3,211,2,2,1
3,212,2,1,0
3,212,2,2,0
3,212,2,3,0
3,212,2,4,0
3,212,2,5,0
3,212,2,6,0
3,212,2,7,0
3,212,2,8,1
3,213,3,1,0
3,213,3,2,0
3,213,3,3,0
3,213,3,4,0
3,213,3,5,1
3,214,3,1,0
3,214,3,2,0
3,214,3,3,0
3,214,3,4,0
3,214,3,5,0
3,214,3,6,1
3,215,3,1,0
3,215,3,2,0
3,215,3,3,0
3,215,3,4,0
3,215,3,5,0
3,215,3,6,0
3,215,3,7,0
3,215,3,8,1
3,216,1,1,0
3,216,1,2,0
3,216,1,3,0
3,216,1,4,0
3,216,1,5,0
3,216,1,6,0
3,216,1,7,0
3,216,1,8,0
3,217,3,1,0
3,217,3,2,0
3,217,3,3,0
3,217,3,4,0
3,217,3,5,0
3,217,3,6,0
3,217,3,7,1
3,218,2,1,0
3,218,2,2,1
3,219,2,1,0
3,219,2,2,0
3,219,2,3,0
3,219,2,4,0
3,219,2,5,0
3,219,2,6,1
3,220,1,1,0
3,220,1,2,0
3,220,1,3,0
3,220,1,4,0
3,220,1,5,0
3,220,1,6,0
3,220,1,7,1
3,221,3,1,0
3,221,3,2,0
3,221,3,3,0
3,221,3,4,0
3,221,3,5,0
3,221,3,6,0
3,221,3,7,0
3,221,3,8,1
3,222,3,1,0
3,222,3,2,0
3,222,3,3,0
3,222,3,4,0
3,222,3,5,1
3,223,1,1,0
3,223,1,2,0
3,223,1,3,0
3,223,1,4,0
3,223,1,5,0
3,223,1,6,0
3,223,1,7,1
3,224,2,1,0
3,224,2,2,0
3,224,2,3,0
3,224,2,4,0
3,224,2,5,0
3,224,2,6,0
3,224,2,7,0
3,224,2,8,1
3,225,1,1,0
3,225,1,2,0
3,225,1,3,0
3,225,1,4,0
3,225,1,5,0
3,225,1,6,0
3,225,1,7,0
3,225,1,8,0
3,226,2,1,0
3,226,2,2,0
3,226,2,3,0
3,226,2,4,0
3,226,2,5,1
3,227,2,1,0
3,227,2,2,0
3,227,2,3,1
3,228,1,1,0
3,228,1,2,0
3,228,1,3,0
3,228,1,4,0
3,228,1,5,0
3,228,1,6,0
3,228,1,7,1
3,229,1,1,0
3,229,1,2,0
3,229,1,3,0
3,229,1,4,0
3,229,1,5,0
3,229,1,6,0
3,229,1,7,0
3,229,1,8,1
3,230,3,1,0
3,230,3,2,0
3,230,3,3,0
3,230,3,4,0
3,230,3,5,0
3,230,3,6,0
3,230,3,7,1
3,231,2,1,0
3,231,2,2,0
3,231,2,3,0
3,231,2,4,0
3,231,2,5,0
3,231,2,6,0
3,231,2,7,0
3,231,2,8,0
3,232,1,1,0
3,232,1,2,0
3,232,1,3,0
3,232,1,4,0
3,232,1,5,0
3,232,1,6,1
3,233,3,1,0
3,233,3,2,0
3,233,3,3,0
3,233,3,4,0
3,233,3,5,0
3,233,3,6,0
3,233,3,7,1
3,234,2,1,0
3,234,2,2,0
3,234,2,3,0
3,234,2,4,0
3,234,2,5,0
3,234,2,6,0
3,234,2,7,0
3,234,2,8,0
3,235,3,1,0
3,235,3,2,0
3,235,3,3,0
3,235,3,4,1
3,236,3,1,0
3,236,3,2,0
3,236,3,3,0
3,236,3,4,0
3,236,3,5,0
3,236,3,6,1
3,237,1,1,0
3,237,1,2,0
3,237,1,3,0
3,237,1,4,1
3,238,3,1,0
3,238,3,2,0
3,238,3,3,0
3,238,3,4,0
3,238,3,5,0
3,238,3,6,0
3,238,3,7,1
3,239,1,1,0
3,239,1,2,0
3,239,1,3,0
3,239,1,4,0
3,239,1,5,0
3,239,1,6,0
3,239,1,7,0
3,239,1,8,1
3,240,3,1,0
3,240,3,2,0
3,240,3,3,0
3,240,3,4,0
3,240,3,5,0
3,240,3,6,0
3,240,3,7,1
3,241,3,1,0
3,241,3,2,0
3,241,3,3,0
3,241,3,4,0
3,241,3,5,0
3,241,3,6,0
3,241,3,7,0
3,241,3,8,0
3,242,2,1,0
3,242,2,2,0
3,242,2,3,0
3,242,2,4,0
3,242,2,5,0
3,242,2,6,1
3,243,3,1,0
3,243,3,2,0
3,243,3,3,0
3,243,3,4,0
3,243,3,5,0
3,243,3,6,0
3,243,3,7,0
3,243,3,8,1
3,244,1,1,0
3,244,1,2,0
3,244,1,3,0
3,244,1,4,0
3,244,1,5,0
3,244,1,6,0
3,244,1,7,1
3,245,1,1,0
3,245,1,2,0
3,245,1,3,0
3,245,1,4,0
3,245,1,5,1
3,246,2,1,0
3,246,2,2,0
3,246,2,3,0
3,246,2,4,0
3,246,2,5,0
3,246,2,6,0
3,246,2,7,0
3,246,2,8,0
3,247,2,1,0
3,247,2,2,0
3,247,2,3,0
3,247,2,4,0
3,247,2,5,0
3,247,2,6,0
3,247,2,7,1
3,248,1,1,0
3,248,1,2,0
3,248,1,3,0
3,248,1,4,0
3,248,1,5,0
3,248,1,6,0
3,248,1,7,1
3,249,2,1,0
3,249,2,2,0
3,249,2,3,0
3,249,2,4,0
3,249,2,5,0
3,249,2,6,0
3,249,2,7,0
3,249,2,8,0
3,250,2,1,0
3,250,2,2,0
3,250,2,3,0
3,250,2,4,0
3,250,2,5,0
3,250,2,6,0
3,250,2,7,0
3,250,2,8,1
3,251,1,1,0
3,251,1,2,0
3,251,1,3,0
3,251,1,4,0
3,251,1,5,1
3,252,3,1,0
3,252,3,2,0
3,252,3,3,0
3,252,3,4,0
3,252,3,5,0
3,252,3,6,1
3,253,3,1,0
3,253,3,2,0
3,253,3,3,0
3,253,3,4,0
3,253,3,5,0
3,253,3,6,0
3,253,3,7,0
3,253,3,8,1
3,254,2,1,0
3,254,2,2,0
3,254,2,3,0
3,254,2,4,0
3,254,2,5,0
3,254,2,6,0
3,254,2,7,0
3,254,2,8,1
3,255,1,1,0
3,255,1,2,0
3,255,1,3,0
3,255,1,4,0
3,255,1,5,0
3,255,1,6,0
3,255,1,7,0
3,255,1,8,0
3,256,3,1,0
3,256,3,2,0
3,256,3,3,0
3,256,3,4,0
3,256,3,5,0
3,256,3,6,0
3,256,3,7,0
3,256,3,8,1
3,257,1,1,0
3,257,1,2,0
3,257,1,3,0
3,257,1,4,0
3,257,1,5,0
3,257,1,6,0
3,257,1,7,0
3,257,1,8,0
3,258,3,1,0
3,258,3,2,0
3,258,3,3,0
3,258,3,4,0
3,258,3,5,0
3,258,3,6,0
3,258,3,7,0
3,258,3,8,0
3,259,3,1,0
3,259,3,2,0
3,259,3,3,0
3,259,3,4,0
3,259,3,5,0
3,259,3,6,0
3,259,3,7,1
3,260,1,1,0
3,260,1,2,0
3,260,1,3,0
3,260,1,4,0
3,260,1,5,0
3,260,1,6,0
3,260,1,7,0
3,260,1,8,0
3,261,2,1,0
3,261,2,2,0
3,261,2,3,0
3,261,2,4,1
3,262,2,1,0
3,262,2,2,0
3,262,2,3,0
3,262,2,4,0
3,262,2,5,0
3,262,2,6,0
3,262,2,7,1
3,263,1,1,0
3,263,1,2,0
3,263,1,3,0
3,263,1,4,0
3,263,1,5,0
3,263,1,6,0
3,263,1,7,0
3,263,1,8,1
3,264,3,1,0
3,264,3,2,0
3,264,3,3,0
3,264,3,4,0
3,264,3,5,0
3,264,3,6,0
3,264,3,7,0
3,264,3,8,1
3,265,1,1,0
3,265,1,2,0
3,265,1,3,0
3,265,1,4,0
3,265,1,5,0
3,265,1,6,0
3,265,1,7,0
3,265,1,8,1
3,266,1,1,0
3,266,1,2,0
3,266,1,3,0
3,266,1,4,0
3,266,1,5,0
3,266,1,6,0
3,266,1,7,0
3,266,1,8,0
3,267,1,1,0
3,267,1,2,0
3,267,1,3,0
3,267,1,4,1
3,268,1,1,0
3,268,1,2,0
3,268,1,3,0
3,268,1,4,0
3,268,1,5,0
3,268,1,6,0
3,268,1,7,0
3,268,1,8,0
3,269,1,1,0
3,269,1,2,0
3,269,1,3,0
3,269,1,4,0
3,269,1,5,0
3,269,1,6,1
3,270,1,1,0
3,270,1,2,0
3,270,1,3,0
3,270,1,4,0
3,270,1,5,0
3,270,1,6,1
3,271,3,1,0
3,271,3,2,0
3,271,3,3,0
3,271,3,4,0
3,271,3,5,0
3,271,3,6,1
3,272,2,1,0
3,272,2,2,0
3,272,2,3,0
3,272,2,4,0
3,272,2,5,0
3,272,2,6,0
3,272,2,7,0
3,272,2,8,0
3,273,2,1,0
3,273,2,2,0
3,273,2,3,0
3,273,2,4,0
3,273,2,5,1
3,274,3,1,0
3,274,3,2,0
3,274,3,3,0
3,274,3,4,0
3,274,3,5,0
3,274,3,6,0
3,274,3,7,0
3,274,3,8,1
3,275,2,1,0
3,275,2,2,0
3,275,2,3,0
3,275,2,4,0
3,275,2,5,0
3,275,2,6,0
3,275,2,7,0
3,275,2,8,1
3,276,1,1,0
3,276,1,2,0
3,276,1,3,0
3,276,1,4,0
3,276,1,5,1
3,277,2,1,0
3,277,2,2,0
3,277,2,3,0
3,277,2,4,0
3,277,2,5,0
3,277,2,6,0
3,277,2,7,0
3,277,2,8,0
3,278,1,1,0
3,278,1,2,0
3,278,1,3,0
3,278,1,4,0
3,278,1,5,0
3,278,1,6,0
3,278,1,7,0
3,278,1,8,0
3,279,3,1,0
3,279,3,2,0
3,279,3,3,0
3,279,3,4,0
3,279,3,5,0
3,279,3,6,0
3,279,3,7,1
3,280,2,1,0
3,280,2,2,0
3,280,2,3,0
3,280,2,4,1
3,281,3,1,0
3,281,3,2,1
3,282,1,1,0
3,282,1,2,0
3,282,1,3,0
3,282,1,4,1
3,283,2,1,0
3,283,2,2,0
3,283,2,3,0
3,283,2,4,0
3,283,2,5,0
3,283,2,6,1
3,284,2,1,0
3,284,2,2,0
3,284,2,3,0
3,284,2,4,0
3,284,2,5,0
3,284,2,6,0
3,284,2,7,1
3,285,1,1,0
3,285,1,2,0
3,285,1,3,0
3,285,1,4,0
3,285,1,5,0
3,285,1,6,1
3,286,1,1,0
3,286,1,2,0
3,286,1,3,1
3,287,1,1,0
3,287,1,2,0
3,287,1,3,0
3,287,1,4,0
3,287,1,5,0
3,287,1,6,1
3,288,3,1,0
3,288,3,2,0
3,288,3,3,0
3,288,3,4,0
3,288,3,5,0
3,288,3,6,1
3,289,1,1,0
3,289,1,2,0
3,289,1,3,0
3,289,1,4,0
3,289,1,5,0
3,289,1,6,1
3,290,1,1,0
3,290,1,2,0
3,290,1,3,0
3,290,1,4,0
3,290,1,5,0
3,290,1,6,1
3,291,2,1,0
3,291,2,2,0
3,291,2,3,0
3,291,2,4,0
3,291,2,5,0
3,291,2,6,0
3,291,2,7,0
3,291,2,8,1
3,292,1,1,0
3,292,1,2,0
3,292,1,3,0
3,292,1,4,1
3,293,3,1,0
3,293,3,2,0
3,293,3,3,0
3,293,3,4,0
3,293,3,5,1
3,294,1,1,0
3,294,1,2,0
3,294,1,3,0
3,294,1,4,0
3,294,1,5,0
3,294,1,6,0
3,294,1,7,0
3,294,1,8,0
3,295,1,1,0
3,295,1,2,0
3,295,1,3,0
3,295,1,4,0
3,295,1,5,0
3,295,1,6,0
3,295,1,7,0
3,295,1,8,1
3,296,1,1,0
3,296,1,2,0
3,296,1,3,0
3,296,1,4,0
3,296,1,5,0
3,296,1,6,1
3,297,2,1,0
3,297,2,2,0
3,297,2,3,0
3,297,2,4,0
3,297,2,5,1
3,298,1,1,0
3,298,1,2,0
3,298,1,3,0
3,298,1,4,0
3,298,1,5,1
3,299,1,1,0
3,299,1,2,0
3,299,1,3,0
3,299,1,4,0
3,299,1,5,0
3,299,1,6,1
3,300,2,1,0
3,300,2,2,0
3,300,2,3,0
3,300,2,4,0
3,300,2,5,0
3,300,2,6,1
4,1,3,1,0
4,1,3,2,0
4,1,3,3,0
4,1,3,4,0
4,1,3,5,0
4,1,3,6,0
4,1,3,7,0
4,1,3,8,0
4,2,1,1,0
4,2,1,2,0
4,2,1,3,0
4,2,1,4,0
4,2,1,5,0
4,2,1,6,0
4,2,1,7,1
4,3,3,1,0
4,3,3,2,0
4,3,3,3,0
4,3,3,4,1
4,4,2,1,0
4,4,2,2,0
4,4,2,3,0
4,4,2,4,0
4,4,2,5,0
4,4,2,6,1
4,5,3,1,0
4,5,3,2,0
4,5,3,3,0
4,5,3,4,1
4,6,2,1,0
4,6,2,2,0
4,6,2,3,0
4,6,2,4,0
4,6,2,5,0
4,6,2,6,0
4,6,2,7,0
4,6,2,8,0
4,7,3,1,0
4,7,3,2,0
4,7,3,3,0
4,7,3,4,1
4,8,1,1,0
4,8,1,2,0
4,8,1,3,0
4,8,1,4,0
4,8,1,5,0
4,8,1,6,0
4,8,1,7,0
4,8,1,8,0
4,9,2,1,0
4,9,2,2,0
4,9,2,3,0
4,9,2,4,0
4,9,2,5,0
4,9,2,6,0
4,9,2,7,1
4,10,2,1,0
4,10,2,2,0
4,10,2,3,0
4,10,2,4,0
4,10,2,5,0
4,10,2,6,0
4,10,2,7,0
4,10,2,8,1
4,11,1,1,0
4,11,1,2,0
4,11,1,3,0
4,11,1,4,0
4,11,1,5,0
4,11,1,6,1
4,12,3,1,0
4,12,3,2,0
4,12,3,3,0
4,12,3,4,0
4,12,3,5,1
4,13,1,1,0
4,13,1,2,0
4,13,1,3,0
4,13,1,4,0
4,13,1,5,0
4,13,1,6,1
4,14,3,1,0
4,14,3,2,0
4,14,3,3,0
4,14,3,4,0
4,14,3,5,0
4,14,3,6,0
4,14,3,7,0
4,14,3,8,1
4,15,2,1,0
4,15,2,2,0
4,15,2,3,0
4,15,2,4,0
4,15,2,5,0
4,15,2,6,0
4,15,2,7,0
4,15,2,8,0
4,16,1,1,0
4,16,1,2,0
4,16,1,3,0
4,16,1,4,0
4,16,1,5,0
4,16,1,6,1
4,17,1,1,0
4,17,1,2,0
4,17,1,3,0
4,17,1,4,0
4,17,1,5,0
4,17,1,6,0
4,17,1,7,1
4,18,1,1,0
4,18,1,2,0
4,18,1,3,0
4,18,1,4,0
4,18,1,5,0
4,18,1,6,1
4,19,1,1,0
4,19,1,2,0
4,19,1,3,0
4,19,1,4,0
4,19,1,5,0
4,19,1,6,0
4,19,1,7,0
4,19,1,8,0
4,20,2,1,1
4,21,3,1,0
4,21,3,2,0
4,21,3,3,0
4,21,3,4,0
4,21,3,5,0
4,21,3,6,0
4,21,3,7,0
4,21,3,8,1
4,22,2,1,0
4,22,2,2,0
4,22,2,3,0
4,22,2,4,0
4,22,2,5,0
4,22,2,6,0
4,22,2,7,0
4,22,2,8,0
4,23,1,1,0
4,23,1,2,0
4,23,1,3,0
4,23,1,4,0
4,23,1,5,0
4,23,1,6,0
4,23,1,7,0
4,23,1,8,1
4,24,3,1,0
4,24,3,2,0
4,24,3,3,0
4,24,3,4,0
4,24,3,5,0
4,24,3,6,1
4,25,1,1,0
4,25,1,2,0
4,25,1,3,0
4,25,1,4,0
4,25,1,5,0
4,25,1,6,1
4,26,3,1,0
4,26,3,2,0
4,26,3,3,0
4,26,3,4,0
4,26,3,5,0
4,26,3,6,0
4,26,3,7,1
4,27,3,1,0
4,27,3,2,0
4,27,3,3,0
4,27,3,4,0
4,27,3,5,0
4,27,3,6,0
4,27,3,7,0
4,27,3,8,1
4,28,2,1,0
4,28,2,2,0
4,28,2,3,0
4,28,2,4,0
4,28,2,5,0
4,28,2,6,1
4,29,3,1,0
4,29,3,2,0
4,29,3,3,0
4,29,3,4,0
4,29,3,5,0
4,29,3,6,0
4,29,3,7,0
4,29,3,8,1
4,30,3,1,0
4,30,3,2,0
4,30,3,3,0
4,30,3,4,1
4,31,2,1,0
4,31,2,2,0
4,31,2,3,0
4,31,2,4,1
4,32,3,1,0
4,32,3,2,0
4,32,3,3,0
4,32,3,4,0
4,32,3,5,1
4,33,1,1,0
4,33,1,2,0
4,33,1,3,0
4,33,1,4,0
4,33,1,5,0
4,33,1,6,1
4,34,2,1,0
4,34,2,2,0
4,34,2,3,0
4,34,2,4,0
4,34,2,5,0
4,34,2,6,1
4,35,3,1,0
4,35,3,2,0
4,35,3,3,0
4,35,3,4,0
4,35,3,5,0
4,35,3,6,0
4,35,3,7,0
4,35,3,8,1
4,36,1,1,0
4,36,1,2,0
4,36,1,3,0
4,36,1,4,0
4,36,1,5,0
4,36,1,6,1
4,37,1,1,0
4,37,1,2,0
4,37,1,3,0
4,37,1,4,0
4,37,1,5,0
4,37,1,6,0
4,37,1,7,0
4,37,1,8,1
4,38,1,1,0
4,38,1,2,0
4,38,1,3,0
4,38,1,4,0
4,38,1,5,0
4,38,1,6,0
4,38,1,7,0
4,38,1,8,1
4,39,1,1,0
4,39,1,2,0
4,39,1,3,0
4,39,1,4,0
4,39,1,5,0
4,39,1,6,0
4,39,1,7,0
4,39,1,8,0
4,40,3,1,0
4,40,3,2,0
4,40,3,3,0
4,40,3,4,0
4,40,3,5,0
4,40,3,6,0
4,40,3,7,0
4,40,3,8,0
4,41,1,1,0
4,41,1,2,0
4,41,1,3,0
4,41,1,4,0
4,41,1,5,0
4,41,1,6,0
4,41,1,7,0
4,41,1,8,0
4,42,3,1,0
4,42,3,2,0
4,42,3,3,0
4,42,3,4,0
4,42,3,5,1
4,43,2,1,0
4,43,2,2,0
4,43,2,3,0
4,43,2,4,0
4,43,2,5,1
4,44,2,1,0
4,44,2,2,0
4,44,2,3,0
4,44,2,4,0
4,44,2,5,1
4,45,1,1,0
4,45,1,2,0
4,45,1,3,0
4,45,1,4,0
4,45,1,5,0
4,45,1,6,0
4,45,1,7,0
4,45,1,8,1
4,46,2,1,0
4,46,2,2,0
4,46,2,3,0
4,46,2,4,0
4,46,2,5,0
4,46,2,6,0
4,46,2,7,0
4,46,2,8,0
4,47,1,1,0
4,47,1,2,0
4,47,1,3,0
4,47,1,4,0
4,47,1,5,0
4,47,1,6,1
4,48,2,1,0
4,48,2,2,0
4,48,2,3,0
4,48,2,4,0
4,48,2,5,1
4,49,3,1,0
4,49,3,2,0
4,49,3,3,0
4,49,3,4,0
4,49,3,5,0
4,49,3,6,0
4,49,3,7,0
4,49,3,8,0
4,50,1,1,0
4,50,1,2,0
4,50,1,3,0
4,50,1,4,0
4,50,1,5,0
4,50,1,6,0
4,50,1,7,1
4,51,1,1,0
4,51,1,2,0
4,51,1,3,0
4,51,1,4,0
4,51,1,5,0
4,51,1,6,1
4,52,1,1,0
4,52,1,2,0
4,52,1,3,0
4,52,1,4,0
4,52,1,5,0
4,52,1,6,1
4,53,2,1,0
4,53,2,2,0
4,53,2,3,0
4,53,2,4,0
4,53,2,5,0
4,53,2,6,0
4,53,2,7,0
4,53,2,8,1
4,54,3,1,0
4,54,3,2,0
4,54,3,3,0
4,54,3,4,0
4,54,3,5,0
4,54,3,6,0
4,54,3,7,1
4,55,2,1,0
4,55,2,2,0
4,55,2,3,0
4,55,2,4,0
4,55,2,5,0
4,55,2,6,0
4,55,2,7,1
4,56,3,1,0
4,56,3,2,0
4,56,3,3,0
4,56,3,4,0
4,56,3,5,0
4,56,3,6,0
4,56,3,7,1
4,57,1,1,0
4,57,1,2,0
4,57,1,3,0
4,57,1,4,0
4,57,1,5,0
4,57,1,6,1
4,58,2,1,0
4,58,2,2,0
4,58,2,3,0
4,58,2,4,0
4,58,2,5,0
4,58,2,6,0
4,58,2,7,0
4,58,2,8,0
4,59,1,1,0
4,59,1,2,1
4,60,2,1,0
4,60,2,2,0
4,60,2,3,0
4,60,2,4,1
4,61,2,1,0
4,61,2,2,0
4,61,2,3,0
4,61,2,4,0
4,61,2,5,0
4,61,2,6,0
4,61,2,7,1
4,62,2,1,0
4,62,2,2,0
4,62,2,3,0
4,62,2,4,0
4,62,2,5,0
4,62,2,6,0
4,62,2,7,0
4,62,2,8,1
4,63,3,1,0
4,63,3,2,0
4,63,3,3,0
4,63,3,4,0
4,63,3,5,0
4,63,3,6,0
4,63,3,7,0
4,63,3,8,1
4,64,3,1,0
4,64,3,2,0
4,64,3,3,0
4,64,3,4,0
4,64,3,5,0
4,64,3,6,1
4,65,2,1,0
4,65,2,2,0
4,65,2,3,0
4,65,2,4,0
4,65,2,5,0
4,65,2,6,0
4,65,2,7,1
4,66,3,1,0
4,66,3,2,0
4,66,3,3,1
4,67,1,1,0
4,67,1,2,0
4,67,1,3,0
4,67,1,4,0
4,67,1,5,1
4,68,2,1,0
4,68,2,2,0
4,68,2,3,0
4,68,2,4,1
4,69,1,1,0
4,69,1,2,0
4,69,1,3,0
4,69,1,4,0
4,69,1,5,0
4,69,1,6,1
4,70,1,1,0
4,70,1,2,0
4,70,1,3,0
4,70,1,4,0
4,70,1,5,0
4,70,1,6,1
4,71,2,1,0
4,71,2,2,0
4,71,2,3,0
4,71,2,4,0
4,71,2,5,1
4,72,3,1,0
4,72,3,2,0
4,72,3,3,0
4,72,3,4,0
4,72,3,5,0
4,72,3,6,1
4,73,3,1,0
4,73,3,2,0
4,73,3,3,0
4,73,3,4,0
4,73,3,5,0
4,73,3,6,0
4,73,3,7,0
4,73,3,8,1
4,74,3,1,0
4,74,3,2,0
4,74,3,3,0
4,74,3,4,0
4,74,3,5,0
4,74,3,6,0
4,74,3,7,1
4,75,3,1,0
4,75,3,2,0
4,75,3,3,0
4,75,3,4,0
4,75,3,5,0
4,75,3,6,0
4,75,3,7,0
4,75,3,8,0
4,76,2,1,0
4,76,2,2,0
4,76,2,3,0
4,76,2,4,0
4,76,2,5,0
4,76,2,6,0
4,76,2,7,0
4,76,2,8,0
4,77,2,1,0
4,77,2,2,0
4,77,2,3,0
4,77,2,4,1
4,78,2,1,0
4,78,2,2,0
4,78,2,3,1
4,79,1,1,0
4,79,1,2,0
4,79,1,3,0
4,79,1,4,1
4,80,3,1,0
4,80,3,2,0
4,80,3,3,0
4,80,3,4,0
4,80,3,5,1
4,81,1,1,0
4,81,1,2,0
4,81,1,3,0
4,81,1,4,0
4,81,1,5,0
4,81,1,6,0
4,81,1,7,0
4,81,1,8,0
4,82,3,1,0
4,82,3,2,0
4,82,3,3,0
4,82,3,4,0
4,82,3,5,0
4,82,3,6,0
4,82,3,7,1
4,83,1,1,0
4,83,1,2,0
4,83,1,3,0
4,83,1,4,0
4,83,1,5,0
4,83,1,6,0
4,83,1,7,0
4,83,1,8,1
4,84,2,1,0
4,84,2,2,0
4,84,2,3,0
4,84,2,4,0
4,84,2,5,0
4,84,2,6,0
4,84,2,7,1
4,85,1,1,0
4,85,1,2,0
4,85,1,3,0
4,85,1,4,0
4,85,1,5,0
4,85,1,6,1
4,86,1,1,0
4,86,1,2,0
4,86,1,3,0
4,86,1,4,0
4,86,1,5,1
4,87,2,1,0
4,87,2,2,0
4,87,2,3,0
4,87,2,4,0
4,87,2,5,0
4,87,2,6,0
4,87,2,7,0
4,87,2,8,0
4,88,1,1,0
4,88,1,2,0
4,88,1,3,0
4,88,1,4,0
4,88,1,5,0
4,88,1,6,0
4,88,1,7,0
4,88,1,8,1
4,89,2,1,0
4,89,2,2,0
4,89,2,3,0
4,89,2,4,0
4,89,2,5,0
4,89,2,6,1
4,90,2,1,0
4,90,2,2,0
4,90,2,3,0
4,90,2,4,0
4,90,2,5,0
4,90,2,6,0
4,90,2,7,1
4,91,2,1,0
4,91,2,2,0
4,91,2,3,0
4,91,2,4,0
4,91,2,5,0
4,91,2,6,0
4,91,2,7,0
4,91,2,8,1
4,92,3,1,0
4,92,3,2,0
4,92,3,3,0
4,92,3,4,0
4,92,3,5,0
4,92,3,6,0
4,92,3,7,0
4,92,3,8,1
4,93,1,1,0
4,93,1,2,0
4,93,1,3,0
4,93,1,4,0
4,93,1,5,0
4,93,1,6,1
4,94,3,1,0
4,94,3,2,0
4,94,3,3,0
4,94,3,4,0
4,94,3,5,1
4,95,1,1,0
4,95,1,2,0
4,95,1,3,0
4,95,1,4,0
4,95,1,5,0
4,95,1,6,0
4,95,1,7,1
4,96,2,1,0
4,96,2,2,0
4,96,2,3,0
4,96,2,4,0
4,96,2,5,0
4,96,2,6,0
4,96,2,7,1
4,97,1,1,0
4,97,1,2,0
4,97,1,3,0
4,97,1,4,0
4,97,1,5,0
4,97,1,6,1
4,98,3,1,0
4,98,3,2,0
4,98,3,3,0
4,98,3,4,0
4,98,3,5,0
4,98,3,6,0
4,98,3,7,0
4,98,3,8,1
4,99,3,1,0
4,99,3,2,0
4,99,3,3,0
4,99,3,4,0
4,99,3,5,0
4,99,3,6,1
4,100,3,1,0
4,100,3,2,0
4,100,3,3,0
4,100,3,4,0
4,100,3,5,0
4,100,3,6,0
4,100,3,7,1
4,101,2,1,0
4,101,2,2,0
4,101,2,3,0
4,101,2,4,0
4,101,2,5,0
4,101,2,6,0
4,101,2,7,1
4,102,3,1,0
4,102,3,2,0
4,102,3,3,0
4,102,3,4,0
4,102,3,5,0
4,102,3,6,0
4,102,3,7,0
4,102,3,8,0
4,103,1,1,0
4,103,1,2,0
4,103,1,3,0
4,103,1,4,0
4,103,1,5,1
4,104,2,1,0
4,104,2,2,0
4,104,2,3,0
4,104,2,4,0
4,104,2,5,0
4,104,2,6,0
4,104,2,7,1
4,105,2,1,0
4,105,2,2,0
4,105,2,3,0
4,105,2,4,0
4,105,2,5,0
4,105,2,6,0
4,105,2,7,1
4,106,3,1,0
4,106,3,2,0
4,106,3,3,0
4,106,3,4,1
4,107,3,1,0
4,107,3,2,0
4,107,3,3,0
4,107,3,4,0
4,107,3,5,1
4,108,3,1,0
4,108,3,2,0
4,108,3,3,0
4,108,3,4,0
4,108,3,5,0
4,108,3,6,0
4,108,3,7,0
4,108,3,8,0
4,109,1,1,0
4,109,1,2,0
4,109,1,3,0
4,109,1,4,0
4,109,1,5,0
4,109,1,6,0
4,109,1,7,1
4,110,3,1,0
4,110,3,2,0
4,110,3,3,0
4,110,3,4,0
4,110,3,5,0
4,110,3,6,0
4,110,3,7,0
4,110,3,8,0
4,111,3,1,0
4,111,3,2,0
4,111,3,3,0
4,111,3,4,1
4,112,3,1,0
4,112,3,2,0
4,112,3,3,0
4,112,3,4,0
4,112,3,5,0
4,112,3,6,0
4,112,3,7,0
4,112,3,8,1
4,113,3,1,0
4,113,3,2,0
4,113,3,3,0
4,113,3,4,0
4,113,3,5,0
4,113,3,6,0
4,113,3,7,0
4,113,3,8,0
4,114,2,1,0
4,114,2,2,0
4,114,2,3,0
4,114,2,4,0
4,114,2,5,0
4,114,2,6,1
4,115,2,1,0
4,115,2,2,0
4,115,2,3,0
4,115,2,4,0
4,115,2,5,1
4,116,2,1,0
4,116,2,2,0
4,116,2,3,0
4,116,2,4,0
4,116,2,5,0
4,116,2,6,0
4,116,2,7,1
4,117,3,1,0
4,117,3,2,0
4,117,3,3,0
4,117,3,4,0
4,117,3,5,0
4,117,3,6,1
4,118,1,1,0
4,118,1,2,0
4,118,1,3,0
4,118,1,4,0
4,118,1,5,0
4,118,1,6,1
4,119,1,1,0
4,119,1,2,0
4,119,1,3,0
4,119,1,4,0
4,119,1,5,0
4,119,1,6,1
4,120,2,1,0
4,120,2,2,0
4,120,2,3,0
4,120,2,4,0
4,120,2,5,0
4,120,2,6,1
4,121,2,1,0
4,121,2,2,0
4,121,2,3,0
4,121,2,4,0
4,121,2,5,0
4,121,2,6,0
4,121,2,7,0
4,121,2,8,1
4,122,1,1,0
4,122,1,2,0
4,122,1,3,0
4,122,1,4,0
4,122,1,5,0
4,122,1,6,0
4,122,1,7,0
4,122,1,8,1
4,123,1,1,0
4,123,1,2,0
4,123,1,3,0
4,123,1,4,0
4,123,1,5,0
4,123,1,6,1
4,124,3,1,0
4,124,3,2,0
4,124,3,3,1
4,125,1,1,0
4,125,1,2,0
4,125,1,3,0
4,125,1,4,0
4,125,1,5,1
4,126,1,1,0
4,126,1,2,0
4,126,1,3,0
4,126,1,4,0
4,126,1,5,0
4,126,1,6,0
4,126,1,7,0
4,126,1,8,1
4,127,1,1,0
4,127,1,2,0
4,127,1,3,0
4,127,1,4,0
4,127,1,5,1
4,128,2,1,0
4,128,2,2,0
4,128,2,3,0
4,128,2,4,0
4,128,2,5,0
4,128,2,6,0
4,128,2,7,0
4,128,2,8,0
4,129,3,1,0
4,129,3,2,0
4,129,3,3,0
4,129,3,4,0
4,129,3,5,0
4,129,3,6,0
4,129,3,7,0
4,129,3,8,0
4,130,1,1,0
4,130,1,2,0
4,130,1,3,0
4,130,1,4,0
4,130,1,5,0
4,130,1,6,1
4,131,1,1,0
4,131,1,2,0
4,131,1,3,0
4,131,1,4,1
4,132,3,1,0
4,132,3,2,0
4,132,3,3,0
4,132,3,4,0
4,132,3,5,1
4,133,3,1,0
4,133,3,2,1
4,134,2,1,0
4,134,2,2,0
4,134,2,3,0
4,134,2,4,0
4,134,2,5,0
4,134,2,6,1
4,135,2,1,0
4,135,2,2,0
4,135,2,3,0
4,135,2,4,0
4,135,2,5,0
4,135,2,6,0
4,135,2,7,1
4,136,1,1,0
4,136,1,2,0
4,136,1,3,0
4,136,1,4,0
4,136,1,5,0
4,136,1,6,0
4,136,1,7,0
4,136,1,8,1
4,137,1,1,0
4,137,1,2,0
4,137,1,3,0
4,137,1,4,0
4,137,1,5,0
4,137,1,6,0
4,137,1,7,0
4,137,1,8,1
4,138,3,1,0
4,138,3,2,0
4,138,3,3,0
4,138,3,4,0
4,138,3,5,0
4,138,3,6,0
4,138,3,7,0
4,138,3,8,1
4,139,2,1,0
4,139,2,2,0
4,139,2,3,0
4,139,2,4,0
4,139,2,5,0
4,139,2,6,0
4,139,2,7,1
4,140,2,1,0
4,140,2,2,0
4,140,2,3,0
4,140,2,4,0
4,140,2,5,1
4,141,1,1,0
4,141,1,2,0
4,141,1,3,0
4,141,1,4,0
4,141,1,5,0
4,141,1,6,0
4,141,1,7,0
4,141,1,8,1
4,142,3,1,0
4,142,3,2,0
4,142,3,3,0
4,142,3,4,0
4,142,3,5,0
4,142,3,6,0
4,142,3,7,1
4,143,3,1,0
4,143,3,2,0
4,143,3,3,0
4,143,3,4,0
4,143,3,5,1
4,144,2,1,0
4,144,2,2,0
4,144,2,3,0
4,144,2,4,0
4,144,2,5,0
4,144,2,6,0
4,144,2,7,0
4,144,2,8,0
4,145,3,1,0
4,145,3,2,0
4,145,3,3,0
4,145,3,4,0
4,145,3,5,0
4,145,3,6,0
4,145,3,7,1
4,146,1,1,0
4,146,1,2,0
4,146,1,3,0
4,146,1,4,0
4,146,1,5,0
4,146,1,6,0
4,146,1,7,1
4,147,2,1,0
4,147,2,2,1
4,148,2,1,0
4,148,2,2,0
4,148,2,3,0
4,148,2,4,0
4,148,2,5,1
4,149,3,1,0
4,149,3,2,0
4,149,3,3,0
4,149,3,4,0
4,149,3,5,0
4,149,3,6,0
4,149,3,7,0
4,149,3,8,0
4,150,2,1,0
4,150,2,2,0
4,150,2,3,0
4,150,2,4,0
4,150,2,5,0
4,150,2,6,0
4,150,2,7,0
4,150,2,8,1
4,151,2,1,0
4,151,2,2,0
4,151,2,3,0
4,151,2,4,1
4,152,2,1,0
4,152,2,2,0
4,152,2,3,0
4,152,2,4,1
4,153,2,1,0
4,153,2,2,1
4,154,2,1,0
4,154,2,2,0
4,154,2,3,0
4,154,2,4,0
4,154,2,5,0
4,154,2,6,0
4,154,2,7,0
4,154,2,8,1
4,155,3,1,0
4,155,3,2,0
4,155,3,3,0
4,155,3,4,0
4,155,3,5,0
4,155,3,6,0
4,155,3,7,1
4,156,2,1,0
4,156,2,2,0
4,156,2,3,0
4,156,2,4,0
4,156,2,5,1
4,157,1,1,0
4,157,1,2,0
4,157,1,3,0
4,157,1,4,0
4,157,1,5,0
4,157,1,6,0
4,157,1,7,1
4,158,3,1,0
4,158,3,2,0
4,158,3,3,0
4,158,3,4,0
4,158,3,5,0
4,158,3,6,1
4,159,2,1,0
4,159,2,2,0
4,159,2,3,0
4,159,2,4,0
4,159,2,5,1
4,160,2,1,0
4,160,2,2,0
4,160,2,3,0
4,160,2,4,0
4,160,2,5,0
4,160,2,6,0
4,160,2,7,1
4,161,2,1,0
4,161,2,2,0
4,161,2,3,0
4,161,2,4,0
4,161,2,5,0
4,161,2,6,0
4,161,2,7,0
4,161,2,8,1
4,162,1,1,0
4,162,1,2,0
4,162,1,3,0
4,162,1,4,0
4,162,1,5,0
4,162,1,6,0
4,162,1,7,1
4,163,2,1,0
4,163,2,2,0
4,163,2,3,0
4,163,2,4,0
4,163,2,5,0
4,163,2,6,1
4,164,2,1,0
4,164,2,2,0
4,164,2,3,0
4,164,2,4,0
4,164,2,5,0
4,164,2,6,1
4,165,3,1,0
4,165,3,2,0
4,165,3,3,0
4,165,3,4,0
4,165,3,5,0
4,165,3,6,1
4,166,2,1,0
4,166,2,2,0
4,166,2,3,0
4,166,2,4,0
4,166,2,5,1
4,167,1,1,0
4,167,1,2,0
4,167,1,3,0
4,167,1,4,1
4,168,2,1,0
4,168,2,2,0
4,168,2,3,0
4,168,2,4,0
4,168,2,5,1
4,169,3,1,0
4,169,3,2,0
4,169,3,3,0
4,169,3,4,0
4,169,3,5,0
4,169,3,6,1
4,170,1,1,0
4,170,1,2,0
4,170,1,3,0
4,170,1,4,0
4,170,1,5,1
4,171,2,1,0
4,171,2,2,0
4,171,2,3,0
4,171,2,4,1
4,172,1,1,0
4,172,1,2,0
4,172,1,3,0
4,172,1,4,0
4,172,1,5,0
4,172,1,6,0
4,172,1,7,0
4,172,1,8,1
4,173,1,1,0
4,173,1,2,0
4,173,1,3,0
4,173,1,4,0
4,173,1,5,0
4,173,1,6,0
4,173,1,7,1
4,174,2,1,0
4,174,2,2,0
4,174,2,3,0
4,174,2,4,0
4,174,2,5,0
4,174,2,6,0
4,174,2,7,0
4,174,2,8,1
4,175,1,1,0
4,175,1,2,0
4,175,1,3,0
4,175,1,4,0
4,175,1,5,0
4,175,1,6,0
4,175,1,7,1
4,176,1,1,0
4,176,1,2,0
4,176,1,3,0
4,176,1,4,0
4,176,1,5,0
4,176,1,6,1
4,177,3,1,0
4,177,3,2,0
4,177,3,3,0
4,177,3,4,0
4,177,3,5,0
4,177,3,6,0
4,177,3,7,1
4,178,1,1,0
4,178,1,2,0
4,178,1,3,0
4,178,1,4,0
4,178,1,5,0
4,178,1,6,1
4,179,2,1,0
4,179,2,2,0
4,179,2,3,0
4,179,2,4,1
4,180,2,1,0
4,180,2,2,0
4,180,2,3,0
4,180,2,4,0
4,180,2,5,0
4,180,2,6,0
4,180,2,7,1
4,181,1,1,0
4,181,1,2,0
4,181,1,3,0
4,181,1,4,0
4,181,1,5,0
4,181,1,6,0
4,181,1,7,0
4,181,1,8,0
4,182,3,1,0
4,182,3,2,0
4,182,3,3,0
4,182,3,4,0
4,182,3,5,0
4,182,3,6,0
4,182,3,7,0
4,182,3,8,1
4,183,1,1,0
4,183,1,2,0
4,183,1,3,0
4,183,1,4,0
4,183,1,5,0
4,183,1,6,0
4,183,1,7,0
4,183,1,8,1
4,184,1,1,0
4,184,1,2,0
4,184,1,3,0
4,184,1,4,0
4,184,1,5,1
4,185,2,1,0
4,185,2,2,0
4,185,2,3,0
4,185,2,4,0
4,185,2,5,0
4,185,2,6,0
4,185,2,7,0
4,185,2,8,1
4,186,1,1,0
4,186,1,2,0
4,186,1,3,0
4,186,1,4,0
4,186,1,5,0
4,186,1,6,1
4,187,2,1,0
4,187,2,2,0
4,187,2,3,0
4,187,2,4,0
4,187,2,5,0
4,187,2,6,0
4,187,2,7,0
4,187,2,8,1
4,188,2,1,0
4,188,2,2,0
4,188,2,3,0
4,188,2,4,0
4,188,2,5,1
4,189,3,1,0
4,189,3,2,0
4,189,3,3,0
4,189,3,4,0
4,189,3,5,1
4,190,2,1,0
4,190,2,2,0
4,190,2,3,0
4,190,2,4,0
4,190,2,5,0
4,190,2,6,0
4,190,2,7,1
4,191,3,1,0
4,191,3,2,0
4,191,3,3,0
4,191,3,4,0
4,191,3,5,0
4,191,3,6,0
4,191,3,7,0
4,191,3,8,0
4,192,3,1,0
4,192,3,2,0
4,192,3,3,0
4,192,3,4,0
4,192,3,5,0
4,192,3,6,0
4,192,3,7,1
4,193,1,1,1
4,194,1,1,0
4,194,1,2,0
4,194,1,3,0
4,194,1,4,0
4,194,1,5,1
4,195,1,1,0
4,195,1,2,0
4,195,1,3,0
4,195,1,4,0
4,195,1,5,1
4,196,2,1,0
4,196,2,2,0
4,196,2,3,0
4,196,2,4,0
4,196,2,5,0
4,196,2,6,0
4,196,2,7,1
4,197,2,1,0
4,197,2,2,0
4,197,2,3,0
4,197,2,4,0
4,197,2,5,0
4,197,2,6,0
4,197,2,7,0
4,197,2,8,1
4,198,3,1,0
4,198,3,2,0
4,198,3,3,0
4,198,3,4,0
4,198,3,5,0
4,198,3,6,0
4,198,3,7,1
4,199,1,1,0
4,199,1,2,0
4,199,1,3,0
4,199,1,4,0
4,199,1,5,0
4,199,1,6,0
4,199,1,7,0
4,199,1,8,1
4,200,1,1,0
4,200,1,2,0
4,200,1,3,0
4,200,1,4,0
4,200,1,5,0
4,200,1,6,1
4,201,3,1,0
4,201,3,2,0
4,201,3,3,1
4,202,1,1,0
4,202,1,2,0
4,202,1,3,0
4,202,1,4,0
4,202,1,5,0
4,202,1,6,1
4,203,2,1,0
4,203,2,2,0
4,203,2,3,0
4,203,2,4,1
4,204,2,1,0
4,204,2,2,0
4,204,2,3,0
4,204,2,4,0
4,204,2,5,0
4,204,2,6,1
4,205,2,1,0
4,205,2,2,0
4,205,2,3,0
4,205,2,4,1
4,206,3,1,0
4,206,3,2,1
4,207,3,1,0
4,207,3,2,0
4,207,3,3,0
4,207,3,4,0
4,207,3,5,0
4,207,3,6,0
4,207,3,7,0
4,207,3,8,0
4,208,2,1,0
4,208,2,2,0
4,208,2,3,0
4,208,2,4,0
4,208,2,5,0
4,208,2,6,1
4,209,3,1,0
4,209,3,2,0
4,209,3,3,0
4,209,3,4,0
4,209,3,5,1
4,210,2,1,0
4,210,2,2,0
4,210,2,3,0
4,210,2,4,0
4,210,2,5,0
4,210,2,6,1
4,211,1,1,0
4,211,1,2,0
4,211,1,3,0
4,211,1,4,1
4,212,1,1,0
4,212,1,2,0
4,212,1,3,0
4,212,1,4,0
4,212,1,5,0
4,212,1,6,0
4,212,1,7,1
4,213,2,1,0
4,213,2,2,0
4,213,2,3,0
4,213,2,4,0
4,213,2,5,1
4,214,3,1,0
4,214,3,2,0
4,214,3,3,0
4,214,3,4,0
4,214,3,5,0
4,214,3,6,0
4,214,3,7,1
4,215,3,1,0
4,215,3,2,0
4,215,3,3,0
4,215,3,4,0
4,215,3,5,0
4,215,3,6,0
4,215,3,7,0
4,215,3,8,1
4,216,3,1,0
4,216,3,2,0
4,216,3,3,0
4,216,3,4,0
4,216,3,5,0
4,216,3,6,1
4,217,2,1,0
4,217,2,2,0
4,217,2,3,0
4,217,2,4,0
4,217,2,5,0
4,217,2,6,0
4,217,2,7,0
4,217,2,8,0
4,218,1,1,0
4,218,1,2,0
4,218,1,3,0
4,218,1,4,0
4,218,1,5,0
4,218,1,6,0
4,218,1,7,0
4,218,1,8,0
4,219,1,1,0
4,219,1,2,0
4,219,1,3,0
4,219,1,4,0
4,219,1,5,0
4,219,1,6,1
4,220,2,1,0
4,220,2,2,0
4,220,2,3,0
4,220,2,4,0
4,220,2,5,0
4,220,2,6,0
4,220,2,7,0
4,220,2,8,1
4,221,1,1,0
4,221,1,2,0
4,221,1,3,0
4,221,1,4,0
4,221,1,5,0
4,221,1,6,0
4,221,1,7,0
4,221,1,8,0
4,222,3,1,0
4,222,3,2,0
4,222,3,3,0
4,222,3,4,0
4,222,3,5,1
4,223,2,1,0
4,223,2,2,0
4,223,2,3,0
4,223,2,4,0
4,223,2,5,0
4,223,2,6,0
4,223,2,7,0
4,223,2,8,1
4,224,3,1,0
4,224,3,2,0
4,224,3,3,0
4,224,3,4,0
4,224,3,5,0
4,224,3,6,0
4,224,3,7,0
4,224,3,8,1
4,225,2,1,0
4,225,2,2,0
4,225,2,3,0
4,225,2,4,0
4,225,2,5,0
4,225,2,6,0
4,225,2,7,0
4,225,2,8,1
4,226,3,1,0
4,226,3,2,0
4,226,3,3,0
4,226,3,4,0
4,226,3,5,0
4,226,3,6,1
4,227,3,1,0
4,227,3,2,0
4,227,3,3,0
4,227,3,4,0
4,227,3,5,0
4,227,3,6,0
4,227,3,7,1
4,228,3,1,0
4,228,3,2,0
4,228,3,3,0
4,228,3,4,0
4,228,3,5,1
4,229,3,1,0
4,229,3,2,0
4,229,3,3,0
4,229,3,4,0
4,229,3,5,0
4,229,3,6,0
4,229,3,7,1
4,230,1,1,0
4,230,1,2,0
4,230,1,3,0
4,230,1,4,0
4,230,1,5,0
4,230,1,6,1
4,231,1,1,0
4,231,1,2,0
4,231,1,3,0
4,231,1,4,0
4,231,1,5,1
4,232,2,1,0
4,232,2,2,0
4,232,2,3,0
4,232,2,4,0
4,232,2,5,1
4,233,3,1,0
4,233,3,2,0
4,233,3,3,0
4,233,3,4,0
4,233,3,5,0
4,233,3,6,0
4,233,3,7,0
4,233,3,8,0
4,234,1,1,0
4,234,1,2,0
4,234,1,3,0
4,234,1,4,0
4,234,1,5,0
4,234,1,6,0
4,234,1,7,0
4,234,1,8,1
4,235,1,1,0
4,235,1,2,0
4,235,1,3,0
4,235,1,4,0
4,235,1,5,0
4,235,1,6,0
4,235,1,7,0
4,235,1,8,1
4,236,2,1,0
4,236,2,2,0
4,236,2,3,0
4,236,2,4,0
4,236,2,5,1
4,237,1,1,0
4,237,1,2,0
4,237,1,3,0
4,237,1,4,1
4,238,1,1,0
4,238,1,2,0
4,238,1,3,0
4,238,1,4,0
4,238,1,5,0
4,238,1,6,0
4,238,1,7,1
4,239,3,1,0
4,239,3,2,0
4,239,3,3,0
4,239,3,4,0
4,239,3,5,0
4,239,3,6,0
4,239,3,7,1
4,240,3,1,0
4,240,3,2,0
4,240,3,3,0
4,240,3,4,0
4,240,3,5,1
4,241,3,1,0
4,241,3,2,0
4,241,3,3,0
4,241,3,4,0
4,241,3,5,1
4,242,2,1,0
4,242,2,2,0
4,242,2,3,0
4,242,2,4,0
4,242,2,5,0
4,242,2,6,0
4,242,2,7,0
4,242,2,8,1
4,243,1,1,0
4,243,1,2,0
4,243,1,3,0
4,243,1,4,0
4,243,1,5,0
4,243,1,6,1
4,244,1,1,0
4,244,1,2,0
4,244,1,3,0
4,244,1,4,0
4,244,1,5,0
4,244,1,6,0
4,244,1,7,0
4,244,1,8,0
4,245,2,1,0
4,245,2,2,0
4,245,2,3,0
4,245,2,4,1
4,246,2,1,0
4,246,2,2,0
4,246,2,3,0
4,246,2,4,0
4,246,2,5,1
4,247,2,1,0
4,247,2,2,0
4,247,2,3,0
4,247,2,4,0
4,247,2,5,0
4,247,2,6,0
4,247,2,7,0
4,247,2,8,1
4,248,1,1,0
4,248,1,2,0
4,248,1,3,0
4,248,1,4,0
4,248,1,5,0
4,248,1,6,1
4,249,3,1,0
4,249,3,2,0
4,249,3,3,0
4,249,3,4,0
4,249,3,5,0
4,249,3,6,1
4,250,3,1,0
4,250,3,2,0
4,250,3,3,0
4,250,3,4,0
4,250,3,5,0
4,250,3,6,0
4,250,3,7,0
4,250,3,8,0
4,251,2,1,0
4,251,2,2,0
4,251,2,3,0
4,251,2,4,0
4,251,2,5,0
4,251,2,6,0
4,251,2,7,0
4,251,2,8,1
4,252,1,1,0
4,252,1,2,0
4,252,1,3,0
4,252,1,4,0
4,252,1,5,1
4,253,2,1,0
4,253,2,2,0
4,253,2,3,0
4,253,2,4,1
4,254,3,1,0
4,254,3,2,0
4,254,3,3,1
4,255,3,1,0
4,255,3,2,0
4,255,3,3,0
4,255,3,4,1
4,256,1,1,0
4,256,1,2,0
4,256,1,3,0
4,256,1,4,0
4,256,1,5,0
4,256,1,6,0
4,256,1,7,0
4,256,1,8,1
4,257,1,1,0
4,257,1,2,0
4,257,1,3,0
4,257,1,4,0
4,257,1,5,0
4,257,1,6,0
4,257,1,7,0
4,257,1,8,1
4,258,3,1,0
4,258,3,2,0
4,258,3,3,0
4,258,3,4,0
4,258,3,5,0
4,258,3,6,1
4,259,3,1,0
4,259,3,2,0
4,259,3,3,0
4,259,3,4,0
4,259,3,5,1
4,260,3,1,0
4,260,3,2,0
4,260,3,3,0
4,260,3,4,0
4,260,3,5,0
4,260,3,6,0
4,260,3,7,1
4,261,2,1,0
4,261,2,2,0
4,261,2,3,0
4,261,2,4,0
4,261,2,5,1
4,262,3,1,0
4,262,3,2,0
4,262,3,3,0
4,262,3,4,0
4,262,3,5,0
4,262,3,6,0
4,262,3,7,1
4,263,3,1,0
4,263,3,2,0
4,263,3,3,0
4,263,3,4,0
4,263,3,5,0
4,263,3,6,0
4,263,3,7,1
4,264,1,1,0
4,264,1,2,0
4,264,1,3,0
4,264,1,4,0
4,264,1,5,0
4,264,1,6,0
4,264,1,7,1
4,265,1,1,0
4,265,1,2,0
4,265,1,3,0
4,265,1,4,0
4,265,1,5,0
4,265,1,6,1
4,266,3,1,0
4,266,3,2,0
4,266,3,3,0
4,266,3,4,1
4,267,3,1,0
4,267,3,2,0
4,267,3,3,0
4,267,3,4,0
4,267,3,5,0
4,267,3,6,1
4,268,2,1,0
4,268,2,2,0
4,268,2,3,0
4,268,2,4,0
4,268,2,5,0
4,268,2,6,1
4,269,1,1,0
4,269,1,2,0
4,269,1,3,0
4,269,1,4,1
4,270,3,1,0
4,270,3,2,0
4,270,3,3,0
4,270,3,4,0
4,270,3,5,0
4,270,3,6,0
4,270,3,7,1
4,271,2,1,0
4,271,2,2,0
4,271,2,3,0
4,271,2,4,0
4,271,2,5,1
4,272,2,1,0
4,272,2,2,0
4,272,2,3,0
4,272,2,4,0
4,272,2,5,0
4,272,2,6,1
4,273,1,1,1
4,274,1,1,0
4,274,1,2,0
4,274,1,3,0
4,274,1,4,0
4,274,1,5,0
4,274,1,6,0
4,274,1,7,1
4,275,1,1,0
4,275,1,2,0
4,275,1,3,0
4,275,1,4,0
4,275,1,5,1
4,276,1,1,0
4,276,1,2,0
4,276,1,3,0
4,276,1,4,0
4,276,1,5,0
4,276,1,6,0
4,276,1,7,0
4,276,1,8,0
4,277,3,1,0
4,277,3,2,0
4,277,3,3,1
4,278,3,1,0
4,278,3,2,0
4,278,3,3,0
4,278,3,4,0
4,278,3,5,0
4,278,3,6,0
4,278,3,7,0
4,278,3,8,1
4,279,2,1,0
4,279,2,2,0
4,279,2,3,0
4,279,2,4,0
4,279,2,5,0
4,279,2,6,0
4,279,2,7,0
4,279,2,8,1
4,280,3,1,0
4,280,3,2,0
4,280,3,3,0
4,280,3,4,0
4,280,3,5,0
4,280,3,6,1
4,281,1,1,0
4,281,1,2,0
4,281,1,3,0
4,281,1,4,0
4,281,1,5,0
4,281,1,6,1
4,282,3,1,0
4,282,3,2,0
4,282,3,3,1
4,283,1,1,0
4,283,1,2,0
4,283,1,3,0
4,283,1,4,1
4,284,1,1,0
4,284,1,2,0
4,284,1,3,0
4,284,1,4,1
4,285,2,1,0
4,285,2,2,0
4,285,2,3,0
4,285,2,4,0
4,285,2,5,0
4,285,2,6,0
4,285,2,7,0
4,285,2,8,0
4,286,1,1,0
4,286,1,2,0
4,286,1,3,0
4,286,1,4,1
4,287,3,1,0
4,287,3,2,0
4,287,3,3,0
4,287,3,4,0
4,287,3,5,0
4,287,3,6,0
4,287,3,7,0
4,287,3,8,0
4,288,2,1,0
4,288,2,2,0
4,288,2,3,0
4,288,2,4,0
4,288,2,5,0
4,288,2,6,0
4,288,2,7,1
4,289,2,1,0
4,289,2,2,0
4,289,2,3,0
4,289,2,4,0
4,289,2,5,0
4,289,2,6,0
4,289,2,7,1
4,290,3,1,0
4,290,3,2,0
4,290,3,3,0
4,290,3,4,0
4,290,3,5,0
4,290,3,6,0
4,290,3,7,0
4,290,3,8,0
4,291,2,1,0
4,291,2,2,0
4,291,2,3,0
4,291,2,4,0
4,291,2,5,0
4,291,2,6,1
4,292,3,1,0
4,292,3,2,0
4,292,3,3,0
4,292,3,4,0
4,292,3,5,1
4,293,3,1,0
4,293,3,2,0
4,293,3,3,0
4,293,3,4,0
4,293,3,5,0
4,293,3,6,1
4,294,2,1,0
4,294,2,2,0
4,294,2,3,0
4,294,2,4,0
4,294,2,5,0
4,294,2,6,0
4,294,2,7,1
4,295,1,1,0
4,295,1,2,0
4,295,1,3,0
4,295,1,4,0
4,295,1,5,0
4,295,1,6,0
4,295,1,7,0
4,295,1,8,0
4,296,1,1,0
4,296,1,2,0
4,296,1,3,1
4,297,3,1,0
4,297,3,2,0
4,297,3,3,0
4,297,3,4,0
4,297,3,5,0
4,297,3,6,0
4,297,3,7,0
4,297,3,8,1
4,298,3,1,0
4,298,3,2,0
4,298,3,3,0
4,298,3,4,0
4,298,3,5,0
4,298,3,6,0
4,298,3,7,1
4,299,1,1,0
4,299,1,2,0
4,299,1,3,0
4,299,1,4,0
4,299,1,5,0
4,299,1,6,1
4,300,2,1,0
4,300,2,2,0
4,300,2,3,0
4,300,2,4,0
4,300,2,5,0
4,300,2,6,0
4,300,2,7,0
4,300,2,8,0
